timestamp,C3_log_mu,C4_log_mu
1790873619.2216105,0.00828366657888759,0.009954859911929898,0.008732616075483963,0.003999200710989254,0.016563528371459257,0.013976599163322235,0.0025567271299270613,0.0014806681423352264
27040.5631712,-2.0019648427660384,-2.3980267881858217
1790873619.3308768,0.007226532238081243,0.014904249981174138,0.01706985736205332,0.009137356331870301,0.027158453104476694,0.010851929199233187,0.003466116666409257,0.0032250973069170136
27040.6744298,-1.8266898709430828,-2.0391794337097426
1790873619.4449198,0.0043948313678407415,0.022817703531744463,0.019762781225259988,0.005641760638169543,0.015272769060302366,0.0038936254304709587,0.009560935383101809,0.007205693190250835
27040.7883682,-1.6417280650117627,-2.248585335815539
1790873619.5575948,0.004929601316225253,0.010784366247420976,0.006024053668264514,0.0027304835074135844,0.002995868384731305,0.003724246164509481,0.009235419709486426,0.006561320315496739
27040.9005351,-1.9672053674740946,-2.563760426427905
1790873619.6692193,0.006209382391006745,0.0065769199750456446,0.003088301577151653,0.004174180041141304,0.0026171278312657697,0.0049499008640201125,0.010392787404653,0.007425261009415177
27041.0126857,-2.1819774358019193,-2.379428812430252
1790873619.782971,0.008643560378939664,0.007386745513563696,0.0031463522476196126,0.007253043939929354,0.00390489217872305,0.010573038518922532,0.017125528365010943,0.008263754922704704
27041.126473,-2.1315468570542646,-2.1394796855273293
1790873619.891637,0.02420482832459606,0.0016684168669447825,0.004448894933796948,0.017513630291095084,0.005164150204843566,0.010624445322894848,0.0117634817182663,0.005067823269644183
27041.2351842,-2.777695402251628,-1.7566238199133517
1790873620.005093,0.02347529747044443,0.0010345748050426364,0.0027158644118724655,0.016834601641078323,0.005793935206493038,0.00813554470945836,0.004834519600888929,0.006946360181865024
27041.3481737,-2.985238060175617,-1.7737971533298236
1790873620.1142514,0.006660210071133013,0.006462628199267347,0.005493971065450969,0.006617123197762914,0.0037913346961391814,0.008463734701211327,0.00915572245936312,0.010860814472979092
27041.4577141,-2.1895908219853126,-2.1793307730125657
1790873620.234515,0.01825433744853477,0.007595872074134146,0.012764038293748935,0.006604077180493585,0.006358432724004443,0.004274872253817318,0.010188027595803778,0.007477840861710265
27041.5770925,-2.119422352325658,-2.180187853293019
1790873620.3444936,0.03160855879168254,0.004472380702891678,0.014261627754698226,0.00457386526661802,0.007811751035280238,0.002942396451539467,0.005163681069441103,0.005453404094674666
27041.6880552,-2.349461225346668,-2.33971662315634
1790873620.4575963,0.020789264454332296,0.003453614116284936,0.013437517413876998,0.003168086640983486,0.0032934937805024576,0.004816572443186452,0.002641038979685737,0.006622307439542505
27041.8010625,-2.4617261766400116,-2.4992029361056605
1790873620.569114,0.01265408899684979,0.0017807231242111775,0.017419564955310187,0.00407864649953894,0.0025968441745899845,0.004577439332762431,0.0019355072133920629,0.005728342625418055
27041.9125969,-2.749403577189632,-2.38948392315047
1790873620.68219,0.012207410051751503,0.0014226742505901828,0.017887573735903505,0.003807309632495952,0.0027993457378135537,0.005661400417275929,0.0018664559870000895,0.004234765837535817
27042.0247972,-2.8468944983182816,-2.4193817909969884
1790873620.7928243,0.005059470174290263,0.003443612125675191,0.006925167987145957,0.008843029509370404,0.0014048320559326422,0.012700383829682005,0.003220843856309288,0.001640148765121404
27042.1362828,-2.4629857589986073,-2.053398920821727
1790873620.91037,0.0015165891106870219,0.006083419486217707,0.00759401480301754,0.016673137534366465,0.006312753141064837,0.009738408635024598,0.003125920313569374,0.0005050536611190896
27042.2529579,-2.2158522283020443,-1.7779826647750112
1790873621.021564,0.0034993519636916178,0.0037565004010540956,0.011169703557302185,0.008132520533250859,0.01064055506841613,0.00354033394490366,0.002745777326367801,0.0011341641934249338
27042.3641257,-2.4252165488966275,-2.089774826183751
1790873621.1296785,0.005195636453557966,0.001168031415896291,0.006783466469880656,0.001372560443069518,0.009200578968251221,0.0065227336026902815,0.006292826186358417,0.002323049449245286
27042.4732743,-2.932545438905815,-2.8624684899080326
1790873621.2427666,0.005821419047227611,0.0008162743545483096,0.0030905527442484336,0.003250527708574229,0.006988577051792823,0.005023409470632863,0.01795682294035256,0.005199304492913432
27042.5849822,-3.0881637946096125,-2.4880461141780534
1790873621.353011,0.004905489422402972,0.009340790755004642,0.002152200347761594,0.01123177016159758,0.006975682323700866,0.0025819640157143287,0.041386037085413274,0.017798348405331
27042.695577,-2.029616351882959,-1.9495517883286622
1790873621.4650576,0.004059642034513921,0.024383205819812015,0.008770769499748836,0.012339948369475188,0.0038260014571976655,0.006984719429686408,0.027129816418982433,0.01818373577171824
27042.8085087,-1.6129091936418107,-1.9086866538740335
1790873621.5761693,0.007303452446975181,0.019133336664769626,0.011374553373274766,0.007012048508381462,0.0016546106673082561,0.016573538057720816,0.007301409069348915,0.01097963957142535
27042.9196366,-1.7182092844338641,-2.1541550819851634
1790873621.6898293,0.008128919240760516,0.0069075523670100265,0.00898506458456748,0.003116356887539829,0.005837538152144343,0.007058649678782972,0.005928353713741089,0.011891490947408679
27043.0324011,-2.1606758076714727,-2.506352798483969
1790873621.8019435,0.003683831460534964,0.0031520576514331264,0.0038227228779843156,0.0032288811530904664,0.01416479071150877,0.007474834622177744,0.0042576523353188706,0.021831033628024493
27043.1451149,-2.501405834044487,-2.490947926514534
1790873621.9122365,0.006264521347020091,0.001981604550537814,0.005845942373963737,0.0075878883306083195,0.012742592992268454,0.0183801170196987,0.007252306015798478,0.022539234133312106
27043.2557442,-2.702982987195059,-2.1198790634353752
1790873622.0293837,0.012703023843012593,0.00807975825109313,0.010531126593680655,0.008752758146320094,0.015477831498492517,0.012043180528806928,0.010022641029447504,0.01706862779911056
27043.3723906,-2.0926016278833552,-2.0578550667043487
1790873622.1456308,0.012595300610355652,0.016395628618110263,0.006478478215415952,0.006829127153705071,0.011276478432949445,0.001536735166727635,0.008696694857596268,0.010586380994570932
27043.4882183,-1.7852719249189444,-2.1656347945788563
1790873622.2581975,0.006881036825227863,0.015541889849536748,0.005222895449755256,0.008816031055672564,0.0038082107073593233,0.0019708352195210127,0.0074815340026271075,0.005934951295690337
27043.6015389,-1.8084961705578153,-2.054726883701822
1790873622.3719764,0.003376645908302625,0.005361810560951784,0.008651076630063157,0.007770238090788793,0.003125511567432958,0.007854139642604575,0.008105667382072997,0.005855114619571247
27043.7145273,-2.27068852611511,-2.109565668025381
1790873622.5007296,0.0035465449355388096,0.000986128719446455,0.010384082715435628,0.003778003993905453,0.003994072757686653,0.019617922579773094,0.016985507489053458,0.0035301651604436202
27043.8443041,-3.0060663488311294,-2.4227375758055074
1790873622.6109946,0.004036982540283659,0.004034453113932436,0.014178616654352228,0.005224453435822232,0.007140667031813164,0.01815161275515802,0.013780074163483036,0.0033845071268717333
27043.9545688,-2.3942153165213393,-2.281959128908466
1790873622.7288034,0.003079964897367025,0.008580197662274055,0.01495534059344387,0.008004957661647811,0.008195296393519952,0.015356417267021355,0.006673039068013534,0.0030458389655198675
27044.0723602,-2.0665027021192954,-2.0966409553039167
1790873622.8433573,0.0019814843006911525,0.006461957578850917,0.013366119255268094,0.008070560006147622,0.005057481905538575,0.01382074506946046,0.014416664919930362,0.0020611849659993966
27044.186524,-2.1896358906238067,-2.0930963236957676
1790873622.9550452,0.002339592292721041,0.0038687802207143657,0.008103146072157154,0.010292156931515688,0.004158062119310312,0.0031631264811715428,0.014877966317159368,0.0025760645440054673
27044.2984965,-2.4124259299350417,-1.9874935962082434
1790873623.0674877,0.005709723726672247,0.0023378726233314736,0.006546658734883422,0.00914752725175185,0.005223014688605948,0.0008920665879589913,0.023818166621404735,0.008311502344853536
27044.4100441,-2.631179136056738,-2.038696283268287
1790873623.17673,0.006495348525380731,0.0028674604931983685,0.004470822209099916,0.012640951780910297,0.014987120904205503,0.0024344989871355736,0.020794140591475222,0.005169327627716727
27044.5193088,-2.5425025417873206,-1.8982202218557132
1790873623.2880147,0.005499502253776565,0.0021997965391499646,0.01149508711265712,0.016880242756785253,0.021450554554897458,0.005052371946914492,0.005414138275847684,0.0009396371959130425
27044.6306041,-2.657617465803791,-1.7726213094518912
1790873623.3969004,0.005152323810112057,0.0018906283034847715,0.020519667460205403,0.017227781842320527,0.009292632705144245,0.010105118717740719,0.008757418759763916,0.0006273829536659332
27044.7394726,-2.7233938218554306,-1.7637706338821715
1790873623.5074837,0.00478963254124404,0.0018928359088898788,0.011013929857517321,0.021806921226492703,0.005679881091207113,0.006580514208389805,0.014451953358784323,0.0014844601031065235
27044.8504385,-2.722887010716239,-1.6614056432380322
1790873623.6187708,0.005580890870037564,0.003977516220328648,0.005444178917464126,0.024893025756171926,0.014198558244862774,0.0056533544794465625,0.009187600939956929,0.0028346607899219487
27044.9622555,-2.400388029704226,-1.6039223097888677
1790873623.7343786,0.004166478817531739,0.008437626313192436,0.009756961096680037,0.03039703035787437,0.011616573617964162,0.005021098200170513,0.001574098704739014,0.003007391436347442
27045.0779479,-2.0737797074775823,-1.5171688413501712
1790873623.846264,0.0016980391556267467,0.00503840957144239,0.009833845620352428,0.023386398862531233,0.006583892989390179,0.0018913871837722706,0.0022778642373027344,0.003950319616644707
27045.1897339,-2.2977065230599387,-1.6310366457026515
1790873623.9601278,0.005231190721718082,0.00228449084463749,0.008614467649668665,0.015217360171675158,0.006123490599375313,0.002622969596131157,0.005882965952390897,0.0036666279249266097
27045.3026842,-2.6412105590798296,-1.8176606773205788
1790873624.0700352,0.009220272511491413,0.0016526281375329871,0.006836216849648671,0.007873757908101036,0.014331900102536385,0.005333951405251486,0.007934263358512111,0.002480257495002859
27045.4135678,-2.781824830969633,-2.1038179369373786
1790873624.1821728,0.009699850210430844,0.0029580227422422675,0.0055211734492131605,0.007558346637971538,0.01605745673009633,0.005275288284121418,0.006794551727074091,0.003356639092820073
27045.5251511,-2.5289984766469464,-2.121573188770739
1790873624.2928855,0.009944120262132436,0.002734261585466524,0.009871822986624085,0.007663286152736853,0.00694069029057934,0.005430921878549096,0.006198317344091421,0.002808997530483711
27045.6354609,-2.56315992315682,-2.1155849515981955
1790873624.4053988,0.005997029068095381,0.0011098084476596484,0.007165689211739513,0.006007519418108082,0.0036105940374264924,0.016439124443523457,0.008411126092685893,0.0010604540390712054
27045.7479982,-2.9547519346064424,-2.2213048095223367
1790873624.517424,0.003093836197940307,0.000718828789648651,0.0031967994862191983,0.010230391515548937,0.004799990856604728,0.02717831593154907,0.008282929282781537,0.0024907327138259674
27045.8600758,-3.143374476968091,-1.990107741339975
1790873624.6289546,0.0012721403388177026,0.002208387967827326,0.0027290625109505514,0.01338464866560106,0.004349142291817698,0.022148283593834413,0.015336531142621157,0.0104940011949949
27045.9722604,-2.655924608068192,-1.8733930209031024
1790873624.741789,0.003886694020499419,0.0028215242121432155,0.002223127005027603,0.009483859216598065,0.0026203373674272205,0.012482341835809499,0.01303496056388042,0.029865509279197396
27046.0843609,-2.5495162032056884,-2.023014896962757
1790873624.9374654,0.009137549659081623,0.006138494449214334,0.0021486195938486045,0.015018390053549652,0.006926319744466101,0.006026945693586777,0.0030898185482442636,0.02825919299900795
27046.2805492,-2.2119381254606183,-1.8233766175915143
1790873625.0516768,0.010067639661389892,0.011116787831596408,0.006658285159400202,0.009500347841335952,0.015522236529484035,0.0015656859666096357,0.002716760845741769,0.008897231659865926
27046.394837,-1.954020679039575,-2.02226048879167
1790873625.1643333,0.008948201538362488,0.007102575398592453,0.010718974711524927,0.003822263229528147,0.022311385294621556,0.006742913905199055,0.009100207742336738,0.0019001263252610336
27046.507454,-2.1485841411392994,-2.4176793961346217
1790873625.2750974,0.004387748556595736,0.005813077670226402,0.008372345545778809,0.006392676419864788,0.01840743767094997,0.012176141998209543,0.011407495867886653,0.00834116323143669
27046.6185609,-2.2355938667986006,-2.194317271038069
1790873625.3857148,0.0019367081094291876,0.00728561689432528,0.0028254210093390263,0.011236532510065192,0.006937126473754724,0.018089851880032325,0.0030731181955022807,0.011812344382941741
27046.7291867,-2.1375336634019777,-1.9493676834852147
1790873625.5040758,0.0037788362270709005,0.006439934314462446,0.004193911413163159,0.004676094746116352,0.005214817801055523,0.018068632817338063,0.002460330553586889,0.008946373399533754
27046.8471234,-2.191118555556662,-2.330116688543727
1790873625.6769693,0.009024717890935612,0.005847007383127045,0.006349040007892995,0.0012069573043827053,0.013462851479531579,0.007345200839613738,0.0034955626235700066,0.015267176910427581
27047.0197357,-2.233066350342859,-2.918308056636679
1790873625.8159897,0.007862367604016833,0.0063706510740348015,0.0043970372158709465,0.005046540108739327,0.01325774916317002,0.0034580906593581974,0.00146833282898201,0.013156529560855371
27047.1589768,-2.1958161741267594,-2.297006262118647
1790873625.9295173,0.008988666445726172,0.008590304895316063,0.006123479999726897,0.005138734001478661,0.00806554100183324,0.003915492634708544,0.002648806566754924,0.003745308174674779
27047.2720186,-2.065991416444507,-2.289143853855626
1790873626.0429246,0.006935295692285154,0.005359438161407035,0.006719517704314104,0.009755943094149061,0.008795146650890416,0.003720456089574329,0.007375961445915821,0.021784421849964514
27047.386075,-2.2708807276124228,-2.0107307371138856
1790873626.157902,0.001967310578127356,0.0036198317276331916,0.0066011380064898185,0.01034307782174415,0.010857730172340983,0.00363118907933005,0.005257917622352309,0.03813961151835162
27047.5004972,-2.441311605717517,-1.98535020345519
1790873626.271985,0.0016927721858800773,0.0037581902718327675,0.0021022449547602553,0.0035592805939974512,0.007983423659632274,0.0021162832185658057,0.002232638982686603,0.023154372941455868
27047.6151321,-2.4250212244104734,-2.4486377610697017
1790873626.385929,0.006544611920257068,0.0038182807205422845,0.006522153005823883,0.005935635112575521,0.0031347096632970937,0.0004806936734692011,0.005987094688602226,0.003707867516920385
27047.7285274,-2.418132134002332,-2.226532797424717
1790873626.501849,0.010994619803969664,0.004723645892908016,0.018724761495591366,0.004443797223354944,0.004776475256939504,0.00037401808748493796,0.01717788162725332,0.001546966971912999
27047.8444945,-2.3257226574360628,-2.35224575696695
1790873626.617296,0.007236656900352317,0.006661544492108971,0.015932063020131806,0.0021892514364166525,0.008490729745961408,0.0038958511011979225,0.01735119596781924,0.005399658055567656
27047.9600096,-2.1764250606112876,-2.659704336832326
1790873626.7307804,0.006413838933412468,0.006291257260197085,0.006004867148569318,0.0020715741215416505,0.009830992786987765,0.008239799458354952,0.011652579362776345,0.00522460732361999
27048.0744377,-2.201262548509589,-2.683699501936761
1790873626.8417118,0.005831485630861152,0.001539629590900848,0.006214223050270708,0.001247877643140909,0.014454105733915692,0.007471223432804662,0.009126289816067315,0.001273216628063873
27048.1851855,-2.8125837223695567,-2.9038279611921554
1790873626.955505,0.005406557423277436,0.0034785656191091145,0.008290296130735866,0.0013967901680441888,0.013306551786621408,0.010846532633426373,0.004425843594077834,0.0009750410734648838
27048.2989643,-2.458599787282088,-2.854868799518682
1790873627.065948,0.008649240997436513,0.002415391600299263,0.007538659002182196,0.0014024005681395112,0.0024765319910307116,0.01088558523808287,0.0031692856339627803,0.0031144666210447974
27048.4085274,-2.6170124303434084,-2.8531278900052244
1790873627.1783998,0.010073660060575381,0.0019648947581174703,0.008421863962952456,0.0005496776204846919,0.003894237492054252,0.005209011416796208,0.003459886617855575,0.006911671532561112
27048.5209769,-2.706660683843813,-3.2598918654840534
1790873627.2910318,0.0046039845699667546,0.0021183544103093315,0.021880690008425116,0.0006192994923116248,0.00594045975653817,0.002876744550130062,0.0024945442733847493,0.0035034537526562573
27048.6336237,-2.67400135820988,-3.208099205888814
1790873627.403321,0.005735449148583332,0.003895556662540304,0.0316998303161904,0.0051185739886113815,0.0032999672340402373,0.0033565391141372747,0.0027953811541105273,0.002706673858798451
27048.746758,-2.409430463121349,-2.2908510061522875
1790873627.513554,0.01239890032596483,0.0160604003966669,0.02459050271181897,0.007320639522074009,0.002374932200384501,0.008535935824499892,0.0035447071376967544,0.006294766198005087
27048.8571729,-1.7942436289624588,-2.135450971919539
1790873627.6247122,0.012508810951277835,0.024677567463844655,0.0061765117481756655,0.0027387071738122735,0.0013649563389246647,0.01303793849609774,0.0038466897569615827,0.010074364733505793
27048.9681835,-1.60769765037874,-2.562454384745635
1790873627.742336,0.007081098779902327,0.015102188898259034,0.001926203892798824,0.0049048635638647,0.0015460572262566542,0.00515617308780529,0.007814733326375051,0.007012613013310193
27049.0856859,-1.8209600990006265,-2.309373059813929
1790873627.8667324,0.0016014890960989996,0.009614505995957326,0.004591332913432042,0.01486358214325968,0.0022388684814363367,0.006158299876242995,0.007552382031239844,0.006065639573141776
27049.2093528,-2.0170730208700913,-1.8278765094858418
1790873627.9829175,0.003745126675579589,0.01506812587691634,0.009583440983998453,0.014223054705508798,0.0021798525031948325,0.008313208478154904,0.0050931560251976545,0.009636325065031003
27049.3264507,-1.8219407575389248,-1.8470071164969788
1790873628.097156,0.008733093763733294,0.02340234409746866,0.006207006376617456,0.0056441158762432705,0.0027546821815152473,0.008723064156272739,0.0068061254798632434,0.011682047500961855
27049.4397118,-1.63074063741748,-2.2484040708700292
1790873628.2093341,0.015137338892225245,0.013160834255012502,0.0038516920676253917,0.006205813066405829,0.0025993657543948545,0.011744785583297161,0.00491168814736271,0.023131945553287764
27049.5527861,-1.8807165769613086,-2.207201303521494
1790873628.322021,0.012902275589937999,0.006326756346848813,0.009466051416909753,0.013606406094140986,0.005248996984063427,0.008998762224873164,0.0029152516340880904,0.027756712018520244
27049.6647498,-2.198818883705148,-1.8662565681218266
1790873628.4341512,0.003342814901759575,0.0138538272345311,0.016082240131354387,0.013726175424594372,0.007823550856760108,0.007299566158222483,0.002801199071772892,0.016135955027212063
27049.7777229,-1.8584302294411792,-1.8624504518335612
1790873628.545694,0.003612287356969571,0.01481863530111189,0.010800858305334367,0.013792421065241095,0.007773003560407094,0.013291739800951155,0.002789497908624454,0.023691534005570624
27049.8883278,-1.8291917872509755,-1.8603594897047246
1790873628.6571,0.007796652175047582,0.011043569253409899,0.0026477013502917285,0.010186209496617618,0.011142901219979143,0.007044169259808924,0.0032598940580538063,0.03437556876323971
27049.9995603,-1.9568905371182754,-1.9919873918042599
1790873628.7692103,0.008614667932917213,0.003515454503456264,0.002308203890312251,0.0023239355673287756,0.009429920003525315,0.0038804011181532727,0.007739821056590321,0.03195829222204339
27050.1117574,-2.454018505919706,-2.6337758985324955
1790873628.881859,0.00999311744205924,0.0017859135610561636,0.00305263305154206,0.0007433501862985475,0.0030604212421476637,0.0065648735860120095,0.01247870115906495,0.023971289706056942
27050.2254936,-2.7481395406508544,-3.128806486969321
1790873629.082254,0.015025561542563688,0.013498165924607794,0.0026377582523391292,0.0047529542429108115,0.0008915472362781477,0.00968002469818338,0.01316811984144396,0.011557077441822073
27050.4257771,-1.869725234430843,-2.323036357537165
1790873629.1955285,0.013894264721009209,0.027812675085956907,0.004809005261794505,0.011351157761943939,0.005469503144488169,0.009885321990741557,0.009292410285957339,0.0036933772811271787
27050.5390583,-1.5557572361404393,-1.944959836496787
1790873629.3086994,0.018215386574121997,0.025143545417590812,0.011295343988443235,0.014402121985636923,0.01225859768905895,0.011400227501409128,0.006116910282891616,0.0038200010454377473
27050.652335,-1.5995734820137935,-1.8415735119199288
1790873629.4280093,0.018827667139301972,0.013237068504700876,0.015961032114601093,0.02230990964403837,0.006365027196804259,0.012665480646066951,0.0031484861872261294,0.012054793626289306
27050.7695741,-1.878208180285841,-1.6515021866747182
1790873629.5435941,0.012868283833668453,0.006836383503326406,0.012484055651314163,0.011891463204305985,0.00186723004701063,0.0038770727732453762,0.006497559554500002,0.009937292821300221
27050.8862288,-2.165173576124828,-1.92476469997485
1790873629.6672316,0.018605252500064274,0.009144229798314207,0.006753935678746174,0.0012424388429101002,0.005134514721306156,0.0012275550407585517,0.009582490922332603,0.00175030679505922
27051.0107965,-2.038852863724526,-2.905724944573519
1790873629.7794287,0.023337851282348766,0.00807615837697213,0.003400382832944982,0.0007518445251142597,0.009765084846064327,0.008064808756229789,0.0066701482891046646,0.0021611615978107024
27051.1224863,-2.0927951675640566,-3.1238719006683477
1790873629.8904328,0.01323423602863002,0.003915758065804467,0.007286540889583438,0.0033705295019563265,0.009097212453533657,0.014702826099537157,0.011946401216970924,0.006466424194660099
27051.2333524,-2.4071841377319716,-2.472301854281062
1790873630.0030906,0.004011416919696807,0.002336115348802286,0.008911622951833132,0.016714092092672286,0.010889379185174899,0.009937753702395071,0.02239846276480387,0.005942679703726274
27051.3465564,-2.631505698572118,-1.7769172066526058
1790873630.116609,0.0011334910123483386,0.0021610205003230105,0.003414741875779196,0.027505571606516094,0.007104207453156646,0.008768768909832863,0.01952370969478472,0.0034695609850333956
27051.45994,-2.6653410931056682,-1.5605793237589405
1790873630.2283876,0.0014547795337978599,0.0017365653538597458,0.0017464295366109571,0.016454233026127578,0.006773158902939644,0.007769369105870001,0.011915541313519623,0.0024370816618479257
27051.5709582,-2.7603088428085107,-1.78372235383464
1790873630.3395236,0.0017790892097164336,0.0012817515888017582,0.003897946461515875,0.01155111851382908,0.00753052840983941,0.005296790903511287,0.008680330247309048,0.0018422239414516478
27051.6825673,-2.8921961016723876,-1.9373759565259752
1790873630.4533381,0.004369419295848768,0.005207184606222634,0.005085529209426669,0.012873611579064997,0.0066473977079665675,0.004782626795439304,0.006981589314010071,0.007245927288832708
27051.7960179,-2.283397017010203,-1.8902995951125006
1790873630.564991,0.007428160499113837,0.011903604202638765,0.0031565785814892367,0.0060910002555777595,0.006584512159124908,0.005666695918344224,0.005336230788508148,0.007730904288601723
27051.9084339,-1.9243215182932187,-2.2153113751455242
1790873630.6775572,0.009769320816350664,0.01216967777523193,0.0021818788483480133,0.00647107529933185,0.00873643991607215,0.007552224122589695,0.001670451667825803,0.002054531276277667
27052.0206404,-1.9147209171570132,-2.189023539858987
1790873630.7952733,0.008904802830252438,0.021834986112774787,0.004205285836344763,0.005189105433180015,0.00994158140803522,0.007289839882524732,0.000631583274660096,0.0037563082281701836
27052.1378378,-1.660847077968321,-2.28490749677247
1790873630.903644,0.007332510875607708,0.03034331438921557,0.0035506400884019788,0.0015138780099689852,0.005874901914178523,0.0027244688426443686,0.005592370444440597,0.007217611645209795
27052.2472051,-1.5179369816984205,-2.8199090906872617
1790873631.0152931,0.01054925295716669,0.014000330703297028,0.004329949583180008,0.006127842835869726,0.006388123679334799,0.0013836498516497367,0.01609704558993111,0.005952342684053054
27052.3578562,-1.853861702582534,-2.212692374733033
1790873631.1281412,0.007136037257596956,0.0019909375352838337,0.0033450028494490893,0.016884997172655552,0.00856921356349361,0.0011089690150193636,0.04390354164708566,0.0027910225772943905
27052.4706811,-2.700942343727636,-1.7724990051778584
1790873631.2385561,0.004677892946677029,0.0033341224372565974,0.0008257054598898018,0.017050017447026337,0.00724652582314667,0.0009324383540572431,0.05989402300074142,0.012628619191437533
27052.5811454,-2.4770184428174247,-1.7682751697170676
1790873631.3497248,0.019639761401601893,0.006511346484516627,0.0017048430901661414,0.011282122071204133,0.007014472488754278,0.0005997230026837766,0.020364412460658447,0.021123711707745057
27052.6927001,-2.1863291875071815,-1.9476092017217292
1790873631.4824543,0.028764108280358695,0.008806338528310765,0.007628070427015882,0.01359475013688125,0.006594732509732686,0.002062282319121368,0.0051525882105764274,0.01429936742097295
27052.8254958,-2.0552046187198694,-1.8666287668731463
1790873631.5954146,0.015422563816271018,0.011953974701911398,0.005772061629663002,0.015374273463985332,0.007164469885664764,0.007082988063788231,0.0035552687786066053,0.006958095910864339
27052.9379852,-1.9224876639617958,-1.8132053955269138
1790873631.707128,0.010054611117767806,0.014612700377907644,0.0039653020969122555,0.015694215154926427,0.014202164542945912,0.007528625771941533,0.00041555626748198673,0.004390188762629476
27053.0505856,-1.8352695175168936,-1.8042603950945948
1790873631.8205998,0.006121161936708888,0.010843583116776885,0.013934069901605978,0.015236133210935789,0.015700347465274624,0.0033861740169638735,0.000586354704783086,0.008028392680007929
27053.164037,-1.9648271832837767,-1.8171252360668473
1790873631.9287977,0.0062505332993585,0.009723932956283212,0.018532142309977444,0.005754779334839783,0.0039890580986871255,0.0022610789568731364,0.0008228279415949174,0.00742593714061952
27053.2718126,-2.012158039687492,-2.2399713170502884
1790873632.0410438,0.012178995989311416,0.010932917529431865,0.014860958443918049,0.001914338767781665,0.0030383162176853954,0.0051497459576293255,0.0009738812286549436,0.0044746246325043405
27053.3836338,-1.9612639239356766,-2.717981182869858
1790873632.1542962,0.01199765614086141,0.01557354235867004,0.0062621749371704295,0.0007949965491551111,0.006085079607314896,0.012437082040351807,0.002540538086895899,0.010163830873921656
27053.4974798,-1.807612588763652,-3.0996347018548653
1790873632.2694697,0.016028237871097764,0.01139280065697565,0.007156260710391463,0.0003631890116643035,0.013470901089761197,0.01169496375278952,0.005850146059191056,0.022260170071332575
27053.6120491,-1.9433694977140603,-3.4398671800160208
1790873632.497454,0.025303491469402334,0.005651505371082215,0.020376347544021765,0.0007744460782633647,0.022538459364413312,0.0023674694831510258,0.007052062168252209,0.026981382709067803
27053.8410067,-2.2478358476331963,-3.1110087590480124
1790873632.6121693,0.011640816943329796,0.008831398138269003,0.021141880404279584,0.0014030445842785884,0.012912798023224937,0.0009166441411583379,0.005336076347340832,0.017453254228096144
27053.9552567,-2.0539705309535043,-2.852928497306215
1790873632.7309499,0.0016874626864685617,0.01019130079349049,0.007940861140885394,0.002931790292804309,0.006624191290264695,0.00125928204526549,0.0027915132376163773,0.012661166069656433
27054.0736058,-1.9917703758753806,-2.532867082633399
1790873632.8437243,0.005615849830334683,0.007223976409939059,0.002023937546464787,0.0033191268880389054,0.006252124068059038,0.004520686278954889,0.003158968986298131,0.015386030555577612
27054.1863888,-2.141223674878996,-2.478976131396897
1790873632.957511,0.016190717050323395,0.0023433449701055612,0.001533760939770766,0.003870325506769723,0.0063392360953691855,0.014018275221760934,0.005551249389566665,0.009019329521204605
27054.2995909,-2.630163754506674,-2.4122524966671652
1790873633.0676284,0.010232895629019861,0.0025415141010405326,0.0017475805788344494,0.0070240296535089885,0.01578419997697268,0.024841073846110322,0.008600820372799162,0.009282087693507536
27054.4102034,-2.594907459277701,-2.1534136574440095
1790873633.1780918,0.00845426874159892,0.005235039513712884,0.0038759806168955618,0.01040054022679905,0.02110267730896252,0.018006006036316677,0.006676630699077722,0.010824015766710582
27054.5215348,-2.2810800276524126,-1.9829440977347181
1790873633.2910788,0.011010117165123066,0.008504880061106473,0.0026848037965910058,0.009973527373921676,0.01548420296323686,0.021731736712682775,0.0020832375702083366,0.011094344667948156
27054.6336553,-2.0703318014796133,-2.001151211646997
1790873633.4100952,0.019172041415467227,0.021310382559701663,0.0023059358511431974,0.01146308084058549,0.008742553424069264,0.031963375002246074,0.0038369540639809907,0.011654373757669591
27054.7535631,-1.6714087518106782,-1.9406986410364426
1790873633.5231156,0.016915935604424975,0.016897641094019186,0.0063090057710822565,0.009866135296995274,0.006373448815431276,0.012696266672287465,0.015975247243880955,0.013497959227918686
27054.8656054,-1.7721739159732561,-2.0058529288328852
1790873633.6335166,0.016825778709360643,0.0055326866469568815,0.004251137576204587,0.00530675489997125,0.0066907256581610714,0.005560398845901975,0.018320682627700886,0.004486696902497973
27054.9770644,-2.2570639182404486,-2.2751709622324348
1790873633.760452,0.03330489742912864,0.003201747049847979,0.0029169849585130255,0.01093406383393962,0.005072218894188625,0.005305329051288744,0.009259665241287815,0.0005627693105025142
27055.1040138,-2.4946129684072567,-1.9612183910191823
1790873633.8725731,0.03397347363627978,0.0026246400820522015,0.0040495609435340805,0.013933892741069806,0.010398824436959775,0.011044290553939589,0.009835166888308633,0.002510657018742453
27055.215303,-2.580930226604777,-1.855927533740521
1790873633.986465,0.019468832266527205,0.00977643756157944,0.003322696978568459,0.010678801085039833,0.009196676240479476,0.012670940019601264,0.0076787686349736204,0.004508784807297199
27055.3290377,-2.009819364614378,-1.971477498987677
1790873634.0993676,0.01384296183348628,0.013779808633439729,0.005276666453059485,0.012371328575323408,0.003657249797145526,0.002618814730305129,0.005146428203361037,0.005550441066044256
27055.4419465,-1.8607568104826877,-1.907583654827358
1790873634.2120316,0.012567168880329145,0.005787355249334517,0.003850645650755371,0.02795472529932304,0.001925475628604301,0.005289972998596379,0.005101503894251554,0.005624958109126628
27055.5546232,-2.2375198507076233,-1.5535447694809466
1790873634.321432,0.00958096303961902,0.008848528158780226,0.004295212793890461,0.029331595405720126,0.0029167130325974968,0.015010873031891444,0.0108879036268485,0.004923842455795877
27055.6651042,-2.0531289578041907,-1.5326643127274628
1790873634.434304,0.010450284907769001,0.008784042708557122,0.01053513082026803,0.01007295743814831,0.01389440637021433,0.018693249001435305,0.010174357076163487,0.011562912767431871
27055.7778085,-2.0563055563781782,-1.9968429967834525
1790873634.544818,0.016366511963999734,0.00572033861535392,0.008423917107893029,0.0015859758033226964,0.01912158648633406,0.007684496404928386,0.0036966440007168365,0.015236880460398484
27055.8883538,-2.2425782547989486,-2.799703415463236
1790873634.6574037,0.012984378088560697,0.002249570636064851,0.005178564793861348,0.005268234954476844,0.009010110636653712,0.003558455791475266,0.007583796026711299,0.005342787654454988
27056.0000341,-2.6479003462193997,-2.278334856226413
1790873634.7697804,0.005382248866667851,0.0016425344882042743,0.001925491116039999,0.010595904935890438,0.006507723244860785,0.0031099861950013353,0.01759333938544556,0.004428546082697204
27056.1132304,-2.7844854763751257,-1.9748619426524185
1790873634.8812122,0.0035751906930794296,0.005651525664429072,0.002799980202344211,0.00527868050032016,0.006210839214502062,0.0012455713815263207,0.013636403191732214,0.01508779600429386
27056.2241542,-2.2478342881774407,-2.277474615270304
1790873634.9920948,0.0028667942152120914,0.008196922786492191,0.010242954378718873,0.0014912176321161524,0.005432717746137888,0.001556362448360979,0.0068993702454918865,0.01571949287919835
27056.3355761,-2.086349150570139,-2.8264589407502796
1790873635.103547,0.0017622958599959983,0.004536552863014968,0.012334202163823119,0.0048711537538166155,0.002020829194234959,0.006368455768904667,0.0047566096164489285,0.004456218711632429
27056.4471251,-2.3432740144878204,-2.3123681531610663
1790873635.2161202,0.0018257226910507638,0.0008469936382212205,0.005582428389976301,0.0087196739814492,0.002852190938856793,0.012083796963753,0.0035745734834932257,0.004295423384332164
27056.5596655,-3.0721198003729806,-2.0594997475529158
1790873635.3284101,0.0018157159304644916,0.001689832752268149,0.009633594957983873,0.009361110193004127,0.004958532303521977,0.010031508197821663,0.0016762212683186903,0.006965315758844455
27056.6719868,-2.772156250964805,-2.028672637850777
1790873635.44057,0.0008618956803615225,0.007041476601772507,0.008411832396664397,0.006295356094601089,0.006637273125883851,0.00866893065858808,0.0016379514006470933,0.006181055642141131
27056.7836089,-2.15233625333246,-2.2009796922482017
1790873635.5513499,0.00270266294471839,0.006952520926865747,0.004586396880998159,0.00296121216746927,0.007883214587277913,0.008021323601659781,0.002961426546553507,0.010247643432209177
27056.8948965,-2.157857689002752,-2.5285304601262615
1790873635.6678076,0.0021705629863192646,0.0025875975372805127,0.008565485498873178,0.002831782400131471,0.00580626950300768,0.004786731515273966,0.0029855181520763515,0.007437896130103379
27057.0112566,-2.5871032540829884,-2.5479401064272422
1790873635.939603,0.010465340281981239,0.006536065948136431,0.012151088216468065,0.001967196397478452,0.009707063206206774,0.005306252768826726,0.004523831182116657,0.00265325786072464
27057.2827291,-2.184683567828722,-2.7061522575141215
1790873636.0512896,0.014681525142826732,0.014153744872683534,0.007519090951648685,0.0017269805163134559,0.011029401073750814,0.010264022938607578,0.004914010219010324,0.0063482151008834795
27057.394757,-1.8491286339359396,-2.7627125369405596
1790873636.1657233,0.004945856075344089,0.009929386461396699,0.005566131936448865,0.001709860618008539,0.011756926904967222,0.013194653751733463,0.004884218946554604,0.003696908250047773
27057.5082713,-2.0030775814371204,-2.767039264966869
1790873636.277794,0.004471647796492274,0.003014235508742096,0.005251110298123676,0.003883592998546442,0.008387577429563984,0.007117266015782657,0.00538385542821057,0.0018843830005328083
27057.62125,-2.5208228039200606,-2.410766279359617
1790873636.3905196,0.009284068474722277,0.003991969251257781,0.0053429577470285525,0.004888382066083568,0.0031069397455043128,0.00761617209670841,0.010950514986376702,0.004540793209483734
27057.7340708,-2.3988128017109993,-2.3108348489738995
1790873636.503569,0.013338292622524695,0.009156662627622545,0.0071794336333274615,0.002739923196340296,0.002588794912467615,0.027670254380526966,0.010830566506356049,0.005880808611811411
27057.8467394,-2.0382627821253285,-2.5622615950053156
1790873636.6140766,0.010903616714260577,0.006271834268420898,0.011244772499473194,0.001278749061968376,0.0029996489589248815,0.038778416547828244,0.005429181704948689,0.0023337601926551464
27057.9575796,-2.2026054193654954,-2.89321463789572
1790873636.727043,0.012109747139743145,0.002203505340649161,0.007534472286349472,0.006759788819017592,0.006736315486351969,0.01848642716867035,0.009610633595219244,0.0009372022714653185
27058.0701049,-2.656885872841382,-2.1700668651141544
1790873636.8375163,0.006624732054455904,0.002744754078873178,0.003083718007864153,0.006534903568753452,0.006250928923829659,0.009566655976184665,0.012595568708206337,0.005461154228676858
27058.1809786,-2.5614965450351814,-2.184760809986599
1790873636.950282,0.0058417637247648235,0.0029041816232988817,0.0038521130301551036,0.0012773307925892363,0.0013919607050601375,0.00549590177459217,0.008732127827186065,0.0032764306348638562
27058.2937399,-2.536976212022663,-2.893696584169136
1790873637.0605404,0.00904111052829091,0.005521545083634908,0.00683967348171628,0.0016963234559931482,0.0040049067868189675,0.0075702191747004585,0.004151518126059001,0.0021292617487474494
27058.4034922,-2.2579393695860297,-2.770491307043731
1790873637.1715665,0.004560729102304014,0.00486226183471848,0.008739239061289284,0.0028318141521670864,0.007841174024797323,0.014203861604990863,0.0014095999084074093,0.0035657110163595587
27058.515206,-2.3131616490017937,-2.5479352368242463
1790873637.2836688,0.005071480843008287,0.005350886525984221,0.008978668752829102,0.0056754035477144795,0.009474629641057311,0.007543972009912125,0.0035549507779672855,0.0077316223602534205
27058.6271343,-2.2715742507134786,-2.2460032450174925
1790873637.3969297,0.006711982905040831,0.005115645479835053,0.00327233434241835,0.008570057283202032,0.010471682665873132,0.0045940884626191145,0.00870307316186252,0.011687732874905927
27058.7394858,-2.291099551772312,-2.067016270127611
1790873637.507635,0.0029303760816160682,0.01256614974039943,0.0017897955468609745,0.009591588355446054,0.007153641157840014,0.008139804686013217,0.009416151170982968,0.00971393472739904
27058.8501974,-1.900797766005512,-2.0181094637043686
1790873637.6186285,0.008648145533832642,0.03154686042344013,0.006259951687988363,0.011748982149076194,0.0028906132613542184,0.011465445379906474,0.004018077764232657,0.019903235878290942
27058.9616075,-1.5010438543338867,-1.9299997523500152
1790873637.7316191,0.01112531154904372,0.02072811225524662,0.019487207729606923,0.009866994977104223,0.005771409004620907,0.008202972087575557,0.0036496491261509265,0.02241549040079699
27059.074209,-1.6834402459537554,-2.0058150884782346
1790873637.842268,0.004084713800936988,0.00594443940556132,0.020468653872736546,0.00237274715843393,0.006202563021540246,0.007457920564995134,0.0025262034790355264,0.010695822052009576
27059.1848449,-2.2258890882475395,-2.6247485197317757
1790873637.9550147,0.002343590286956175,0.009244258233833532,0.009192235938441293,0.0013509985492992371,0.005198915650709792,0.0036960524765752667,0.002540965403406878,0.004084469851580021
27059.2979445,-2.0341279265214935,-2.8693450851764752
1790873638.0647902,0.0075092714224042345,0.0133517162219062,0.005289593124128308,0.001454918186822217,0.005437480026309986,0.002031082733227243,0.008178253203286618,0.0021133608944910337
27059.4077353,-1.8744629034962417,-2.8371613974538423
1790873638.1769822,0.010752854513602661,0.013776629732391325,0.014971999894562915,0.0010581797579746967,0.01163474142573083,0.0030133520020398223,0.00876819247816348,0.005960781685325469
27059.5195533,-1.860857010600106,-2.9754405093449714
1790873638.2929106,0.014903947484679096,0.009834469980415641,0.01218552918042056,0.0031740392910085615,0.01282475229151593,0.01135616113488016,0.0072784716089469665,0.007216830683377532
27059.6363728,-2.007249036593824,-2.498387687791788
1790873638.4106026,0.022694535270431176,0.02179425019764232,0.009332871465994775,0.017164190889946463,0.009120595526809772,0.013820047635795092,0.014687532611647786,0.008786655436930305
27059.7540929,-1.6616580657239284,-1.7653766616167388
1790873638.5215034,0.011185386721806648,0.023529926556647335,0.008342533215950151,0.04555849138240272,0.015474510671347306,0.007024134635661251,0.01977755103455616,0.004951649776509609
27059.8650372,-1.6283794265283131,-1.3414306645691145
1790873638.6336868,0.002232617685641091,0.0067524225609855775,0.00564163816763484,0.0405425174465684,0.026641943873141866,0.004986741688418389,0.02092918692829276,0.0053916371192119575
27059.9772762,-2.1705403813129736,-1.3920892866584245
1790873638.74966,0.0027776975460834636,0.0036960620205231487,0.009621897766021632,0.01080944037839777,0.02075249313373884,0.0024308113033008646,0.00853841156688277,0.006734958031377001
27060.0931182,-2.432260738108398,-1.966196785550232
1790873639.0293238,0.004159726185666836,0.010992246167437792,0.010595060199901704,0.0021807194891943116,0.004538720914919446,0.003796300440529575,0.0027417060281972913,0.0030900794502336996
27060.3728222,-1.9589135503544641,-2.6614001751800895
1790873639.1432402,0.016569431796499015,0.012319962909716079,0.008196058632145646,0.0023841097518663983,0.00268595161874974,0.006389207880745151,0.0021154833958459017,0.004602133305464435
27060.4865869,-1.9093905961245403,-2.622673737622962
1790873639.2565753,0.03058055556644586,0.0034455343003699846,0.007207444534029075,0.005690825408277432,0.008984297535556393,0.00873787993882205,0.0014836197049847243,0.0035747069030901044
27060.5998071,-2.4627434097120617,-2.2448247304967586
1790873639.3688753,0.021628634667487743,0.001520243344801403,0.007101804125108302,0.014931857722502046,0.009250205010636116,0.008484517864856725,0.002462262351894375,0.003520523849635778
27060.712441,-2.8180868605630245,-1.825886153971877
1790873639.4800897,0.011174287867277921,0.001988047393684024,0.0034805079909945094,0.016771976558541738,0.0049249614698775685,0.013158789552839464,0.004155828386923941,0.003531534852834068
27060.8232588,-2.7015732446879417,-1.775415750673047
1790873639.5924451,0.005916281397606332,0.006146050122755895,0.0020901929083581828,0.012524955192044884,0.0056364878342069534,0.015182839316281393,0.005421576021793777,0.007083064276947254
27060.9360207,-2.2114038952061237,-1.9022238156765137
1790873639.7079902,0.0027429747234112485,0.011939857380655868,0.002741413266267593,0.007083040674545508,0.022605959946931736,0.008136182065216477,0.00845203708409892,0.011777685719300721
27061.0505915,-1.92300085710398,-2.1497802581156096
1790873639.8193414,0.0021226953016856885,0.024868363304671057,0.007558723683865843,0.002197919093860173,0.030831793328716762,0.0017576251066944032,0.0066802209562889904,0.013942285959984422
27061.1619245,-1.6043527948550247,-2.6579882783846527
1790873639.9314036,0.00121574838770352,0.023598588811124397,0.012961040164672713,0.0008528335443820158,0.013442349495186861,0.0011490556227429798,0.004163488841354762,0.011544323257358047
27061.273996,-1.6271139650991289,-3.0691356750139867
1790873640.0444047,0.0026107500242961157,0.009822545940608942,0.019107331490921482,0.0021546173475497825,0.0035518141995783993,0.004716622355715557,0.012151590618286292,0.006681889295096999
27061.3869659,-2.0077759268698805,-2.6666298276686398
1790873640.1568367,0.010516483265439079,0.005628873158507353,0.012000137638181987,0.005987557885426633,0.012655474294506927,0.009465326852819207,0.01303511030873694,0.009399177126832756
27061.5003539,-2.249578529941781,-2.2227502677103446
1790873640.2698376,0.014466147864598716,0.0042424855391508575,0.004712470890129585,0.012233498906168788,0.013619526290191768,0.00426785282481093,0.009786236515394403,0.008253576219258185
27061.6126159,-2.3723796190982287,-1.912449308970758
1790873640.3815072,0.008993102413075979,0.005806034306955122,0.007101296493884263,0.023394153815570543,0.004292059673425822,0.0020231724067725334,0.007190411174512486,0.003391934058163492
27061.7245398,-2.236120394838056,-1.630892657094735
1790873640.4924245,0.0042814942007639205,0.012890839765293724,0.0054556708252366075,0.027432078501063443,0.0035597066975966685,0.006555602830857584,0.004069876828338022,0.003499603867366242
27061.8358875,-1.8897187865271035,-1.5617412835084803
1790873640.6047504,0.0035345162933154424,0.011152696736929245,0.005438513272505739,0.02257710347600902,0.0032908115922990096,0.0063068473461582045,0.0012702547627011366,0.00936720608921776
27061.9473195,-1.9526201030392418,-1.6463317746183737
1790873640.7168941,0.005357022665130878,0.011158542841622139,0.01176019614549663,0.011636233582124664,0.0015609436284677836,0.004618951752998208,0.0026058072453249994,0.008892453331817483
27062.0594697,-1.9523925109294302,-1.9341875657132037
1790873640.829928,0.010319906887738583,0.009612166832995908,0.009086796894821546,0.0013278606885375182,0.001302761817249022,0.015373522719089842,0.003048173427759284,0.0033498623647023485
27062.1725162,-2.017178695478475,-2.8768474535365844
1790873640.9402926,0.015710400741596218,0.0051931106267552405,0.0057896520996138096,0.0023826288304771345,0.0023153606243750623,0.014510595761105605,0.0007730069490628796,0.001693503265124588
27062.2828238,-2.284572417342141,-2.6229435892081026
1790873641.0525532,0.012181727803604997,0.005772334396247935,0.007344747871170385,0.0038184231114747444,0.005779079650817999,0.007751043427068192,7.443783927246386e-05,0.0007826100682245744
27062.3951176,-2.238648510276819,-2.4181159386395183
1790873641.1642103,0.0033233572632712996,0.007903562066025424,0.004630716320225289,0.005351587534360595,0.007183953269881322,0.0024280447620216657,0.0013825862918536846,0.002247424239773541
27062.5068979,-2.102177126384231,-2.2715173584355517
1790873641.2749197,0.003285421440335751,0.005164966337120876,0.0031148244390871,0.00704471856943176,0.004329827968719817,0.0038864466500964055,0.009266801888263202,0.00498474514872136
27062.6183786,-2.286932496258699,-2.1521363457417046
1790873641.387123,0.009094451665314751,0.00274407114163113,0.004333660524875549,0.005403587775546555,0.001948568274264122,0.004723303821133203,0.010145510775581774,0.004688911857624441
27062.7297068,-2.5616046176571055,-2.267317781448902
1790873641.4998574,0.0060810479616978975,0.00400865876451316,0.0024373729817870927,0.0022078934921131057,0.0031769739756435963,0.004008666330736661,0.0038178205482006927,0.0058823222698269895
27062.843036,-2.3970009004876256,-2.6560218609571855
1790873641.6099234,0.002829376164224373,0.00357427305898805,0.002225457280119057,0.0034968017414304196,0.006638173022353211,0.011332960417544558,0.00794288216972762,0.012894400299232492
27062.953396,-2.446812260194126,-2.45632897781706
1790873641.7219374,0.002547035264964463,0.006525878103745403,0.005234639367309803,0.006409096343159069,0.007717275944901298,0.013230317256998567,0.016144712675672735,0.016084329039969775
27063.0654179,-2.1853610359626234,-2.193203193166025
1790873641.8350089,0.002616069054061927,0.008856827969316116,0.007117732855277695,0.004035471435582523,0.006928746060575417,0.00546059967640117,0.014151673721432785,0.009065175983635237
27063.1776094,-2.052721785859857,-2.3941057116639186
1790873641.9501355,0.0018588923122048265,0.006305014087911714,0.005754147758154929,0.00568359003046361,0.007347799321967161,0.00562852939492859,0.006699019543323289,0.00678472906045243
27063.2932247,-2.2003139318149545,-2.2453772485658456
1790873642.196658,0.001316820760343583,0.0037884920745932028,0.011204642681465852,0.0071362833988427654,0.005274986563340393,0.008205780970379809,0.003982324861448436,0.006757532816214051
27063.5402393,-2.421533605480542,-2.1465279053335293
1790873642.3087378,0.0015265588961659747,0.0020898610081795718,0.00851585350419054,0.008585999526046719,0.00405847205175367,0.010711900309235583,0.005338313475742683,0.006684475657418084
27063.652399,-2.6798825760686475,-2.0662091347717735
1790873642.4241107,0.001711941486238537,0.003644574222124794,0.012104247776952098,0.0108117112119624,0.005331449412112925,0.011786140512081636,0.005822448952813786,0.008779146662875313
27063.7671963,-2.4383531889778363,-1.9661055590975778
1790873642.5343323,0.0037303900522412605,0.006890517452000651,0.014214869334746985,0.010077248777528568,0.009264357356114236,0.00706698149473398,0.0018963417187133054,0.005141209320061474
27063.8778011,-2.1617481566792467,-1.9966580155477716
1790873642.6482372,0.007962412947237192,0.007810803349647513,0.006206714793511355,0.013973143553015805,0.006371028579358691,0.004969128071522097,0.0052845691517591845,0.0031234490631030366
27063.9918121,-2.107304290603949,-1.8547058760928241
1790873642.7610948,0.010683796622198578,0.00975814142410992,0.010210487105922776,0.010952388366342908,0.00540234256175384,0.0055320066598741795,0.016136177603796275,0.00345674277612928
27064.1035575,-2.0106328875258344,-1.9604911607654874
1790873642.875688,0.020365089287208406,0.007695000642180137,0.012510692444571085,0.00928241069302658,0.009334335166221938,0.010378967742271213,0.011972252616715204,0.0031071535363910523
27064.2184072,-2.1137913339449494,-2.0323392157923466
1790873642.9857738,0.015088735018456903,0.0033332946666000712,0.01057408133345268,0.009560319245965147,0.008118507136869737,0.013745011375365828,0.004411073843836841,0.002501181171713432
27064.329338,-2.477126279544563,-2.0195276006240985
1790873643.097751,0.002243307738444101,0.0026097616761546288,0.006588004639592051,0.006091758434209812,0.0037979725892019153,0.013755756916648869,0.0077417763929632,0.004428574419093836
27064.4408245,-2.5833991340499707,-2.215257319606939
1790873643.2105138,0.0019651131358486263,0.0018887114356539302,0.0019363811167716724,0.00626677293401254,0.004772101465251018,0.008578378373482892,0.01161250265638887,0.007460960133973374
27064.5540626,-2.723834367139138,-2.2029560340156644
1790873643.322755,0.0026332343147480535,0.005905084050828364,0.009345017093473127,0.006794527232652244,0.007228385237585992,0.00863865743306523,0.00801140399941531,0.017731580138397044
27064.6654424,-2.2287739090614735,-2.1678407499632564
1790873643.4349983,0.004238090121684389,0.00840201823987094,0.021049544271389557,0.007250902362415529,0.011890364492909236,0.004458766742099315,0.005672568804856629,0.018019639336867236
27064.7776092,-2.075616374821824,-2.139607936869601
1790873643.5438726,0.0072092356756383895,0.006316676465814307,0.01175214285610273,0.010672767708908864,0.010122725749123353,0.003137375886373131,0.007666168040266859,0.0058386779231637
27064.887323,-2.1995113598126435,-1.9717229387519781
1790873643.654728,0.013086244154598902,0.004199414589152542,0.014633203120131617,0.012638598648205058,0.002184445611648282,0.010818560359582405,0.009247818878898,0.007042559321111493
27064.9981961,-2.376811236979558,-1.898301073969504
1790873643.7652848,0.020515372646678433,0.012771040092282826,0.028375076982403203,0.008879486968094154,0.0010431470577571542,0.010986573700441477,0.008984359402381691,0.00840752658751504
27065.108745,-1.893773728314447,-2.0516121209252556
1790873643.8795512,0.021046468219132003,0.020932543998671563,0.019701858811746915,0.004419153596850654,0.007734771816311503,0.005752854606177027,0.00893090056200504,0.009593002176319995
27065.2221263,-1.6791779851888413,-2.354660893542177
1790873643.9896228,0.00860166569597164,0.008464304020309624,0.010992489298965749,0.0026740374523716165,0.01484870974038982,0.0042979304352101285,0.01796128471469874,0.006253112397256223
27065.3328135,-2.072408740937491,-2.572832498093758
1790873644.1017723,0.0029606272263209155,0.0052453242515545185,0.014406134045222193,0.006701922933377053,0.008140095039074932,0.004959649474835665,0.01402463431648107,0.0035975984707683193
27065.4446942,-2.280227651467568,-2.1738005640226175
1790873644.21423,0.0047658915020833475,0.007592184268260344,0.015501950179992617,0.006758857389770037,0.004823896076081456,0.008645191355592444,0.00628288846958145,0.0069993515592399295
27065.5567934,-2.119633254065236,-2.170126710541116
1790873644.3221807,0.00542268789063629,0.009991029168396875,0.014424412151597966,0.0018264875366679374,0.008001323677532387,0.007066327402059814,0.004915180249146081,0.010683780427504695
27065.6657316,-2.000389768775091,-2.738383263142765
1790873644.439066,0.0045707017360306435,0.012768504810592095,0.015820655926824998,0.001390501819339689,0.010095035099979171,0.003688812972671095,0.0029619331015531443,0.008706660002988678
27065.7805848,-1.8938599521565347,-2.856828407333399
1790873644.5493195,0.002402684107540017,0.009441132782791488,0.01554384004318002,0.0025124339920789018,0.011083358660680347,0.0030848133669480224,0.005393283110227964,0.005571604946075829
27065.892887,-2.0249758896823438,-2.5999053221373765
1790873644.6612153,0.0047489823234967725,0.007304240211928349,0.006204867319217229,0.006375262267987521,0.02251215097672758,0.014029002138206717,0.015599829016320925,0.0041491972313729775
27066.0047762,-2.1364249468062386,-2.1955019375411404
1790873644.782912,0.004781163220879252,0.005161140875986093,0.002355041388625833,0.0068810207085869225,0.020300585072019647,0.0200660336639816,0.015947186183388116,0.006252574407808356
27066.1255433,-2.287254278063035,-2.162347128821125
1790873644.8960636,0.0017300090575563826,0.002672612470543043,0.0018563984037346462,0.008445859080914449,0.00885432457673867,0.008938435587267845,0.0045075734787602415,0.01053222547588969
27066.2386356,-2.57306399323385,-2.0733561639082265
1790873645.0050802,0.006433451000956786,0.008043217061448886,0.001195804742145671,0.008854275765364078,0.010062334980304568,0.003904686943103764,0.00139894373116035,0.01002356838855196
27066.3480746,-2.0945702054805064,-2.0528469511917105
1790873645.2424533,0.019141326031080836,0.01636822357719367,0.0007910618538427351,0.0045336715866908395,0.011701211532683636,0.008553767991972378,0.0028716687280213294,0.009061063628582127
27066.5860024,-1.7859984488135379,-2.3435499332216607
1790873645.3545458,0.02837224983092994,0.0093449286420811,0.002072443728557668,0.0020873360618131006,0.006459280128445065,0.009616681915445367,0.004171526398239523,0.005634309596836491
27066.6973015,-2.029424005899805,-2.680407602940368
1790873645.4673438,0.030757996493230345,0.007587473397918608,0.006157996826801374,0.005072814735027434,0.002739853474441682,0.003721376646975086,0.00476680520140764,0.003325575900945043
27066.8104077,-2.119902812849511,-2.294750989760944
1790873645.5783293,0.01587050025672517,0.005443568786609926,0.01072008526049168,0.004808853542401654,0.005078618175653671,0.002738291529626822,0.0031890021037926704,0.0023217244044320324
27066.9218194,-2.2641162768522824,-2.3179584404900515
1790873645.6931484,0.00474538275993606,0.004241215185344864,0.00826818656223509,0.0018298042937734099,0.003662126408219985,0.009660626475595617,0.0010904053142643487,0.0030827683441480174
27067.0358687,-2.372509682064154,-2.737595333900877
1790873645.803186,0.001054606779814913,0.00848949212917827,0.0062358825425520405,0.0042964278870940825,0.004382618646320376,0.010966342837523667,0.0030090335506791546,0.005753619485235366
27067.1466524,-2.0711182848633167,-2.3668924630684702
1790873645.9153333,0.0010566597992851495,0.007293422832571857,0.013641999552694456,0.01067136254409612,0.004188823710187079,0.0031807138370878994,0.02621184293223756,0.0074839617372514725
27067.25789,-2.1370686017453093,-1.9717801212477997
1790873646.0257106,0.003694363753519563,0.007918434156797771,0.013561718249464267,0.006562890656331373,0.0055722790711222325,0.0014874652779969116,0.04563562290558417,0.004102557323488419
27067.3691855,-2.101360684680366,-2.1829048248025518
1790873646.1375866,0.003073812656250633,0.0191276801483671,0.016046025314171045,0.0037698259290120835,0.008027684681594396,0.003232510659399286,0.022119481485813483,0.0025749320875852865
27067.4800559,-1.7183376968008155,-2.4236786912752137
1790873646.247703,0.0033569223186840293,0.01832382577067393,0.0186049075363425,0.005049602891018776,0.003123864057836292,0.0041627084987815935,0.00472821239516603,0.003690077072229433
27067.5903055,-1.736983843929613,-2.2967427655620463
1790873646.3596096,0.00505707555657492,0.009092475620157848,0.01340778533566186,0.0027960124202752227,0.003991593821024399,0.008060226747139458,0.013479021517602066,0.0078042573180407025
27067.7026465,-2.0413178499780122,-2.5534608881930705
1790873646.4738584,0.005873405012609373,0.0028396427766271843,0.00801445644791443,0.005817021302428866,0.01194915565220697,0.01738070586309855,0.015631136364295306,0.007246496590320267
27067.8166116,-2.546736274904552,-2.2352993383093067
1790873646.585959,0.00431897731242986,0.002347752440887197,0.011376212556752273,0.007800742510022009,0.02035322517455385,0.013017645539957901,0.0060395976819145126,0.008037323149970684
27067.9295324,-2.6293476807595173,-2.1078640516578324
1790873646.7013557,0.004168050543871804,0.009753486084276876,0.013925734712189648,0.004681016294116913,0.015257422871053514,0.007665886581550575,0.00142672369395743,0.014065411859681189
27068.0448291,-2.010840126867365,-2.3296598378595172
1790873646.8123622,0.003822892839434312,0.0121101067521842,0.00946307234812878,0.003602362322381552,0.008817175648104076,0.005385746088356379,0.002563461823061458,0.025411053910778626
27068.1558463,-1.916852024890866,-2.4434125963131264
1790873646.9226677,0.0031026904100265006,0.004333767701130119,0.00910585926020969,0.0035944037529007052,0.003244988345804858,0.0021278064738711544,0.006486538314464708,0.02285646839322858
27068.266195,-2.363134361449373,-2.4443731288873716
1790873647.0331662,0.013655942775669056,0.005827093247966507,0.0052161543270537,0.002563615511670707,0.0046007816434408344,0.0054533996726543596,0.014324226172872065,0.012624958815525776
27068.3767408,-2.2345480246107208,-2.5911470923533018
1790873647.1445382,0.026176347198738046,0.016994240793838312,0.008782872788317181,0.0016805848600074805,0.017236478580660998,0.007114027936668568,0.0166539495288468,0.009169333393176689
27068.4879936,-1.769698229902936,-2.7745395273898286
1790873647.2576342,0.017111739870270894,0.013591234437897004,0.015364884915820854,0.0073007759807800126,0.020110358550917282,0.005031197954324741,0.009183980827666168,0.013085129119365846
27068.6001958,-1.8667410930360608,-2.136630971429494
1790873647.3674886,0.003765410729899266,0.00575324586939956,0.008723201965116043,0.009184501181794756,0.009378690569707011,0.004906223656723617,0.005341595750763193,0.01101888356644565
27068.7100672,-2.2400870581195726,-2.0369444208981715
1790873647.480748,0.00024938755229004253,0.016107672449032818,0.003126550557060619,0.013322271609616446,0.007941015914295711,0.003868585735474162,0.002254247094444061,0.015772674115445483
27068.823598,-1.7929672076959455,-1.8754217130914281
1790873647.5929556,0.001422849393897995,0.017425887282259547,0.0031215573561625466,0.017763023875259795,0.0144695582836413,0.003281872025495595,0.0028461740286066886,0.013425800144177361
27068.9364147,-1.7588050969943165,-1.7504830980183
1790873647.7086706,0.004865141610557702,0.004595717676166274,0.0026856478582211866,0.009816500835107867,0.010299517049036222,0.0032088883299356726,0.0024203248326289313,0.006090309027897092
27069.0512465,-2.337646649265093,-2.008043287709518
1790873647.8190818,0.007168817530823732,0.0014473452286765864,0.001031205565030398,0.004940136910494744,0.006142565514666422,0.008349321660695326,0.0032712360769351044,0.017049518698410607
27069.1625244,-2.839427836230145,-2.306261006121557
1790873647.9320366,0.004912396394694724,0.0037600228109795682,0.0022632423308231214,0.009665694046601411,0.010260509352822408,0.00944704110967722,0.009032000048910553,0.0164138465405758
27069.2744787,-2.424809508774018,-2.0147669514426223
1790873648.0450099,0.0032120744778434593,0.004874199768284096,0.0034986229575033473,0.010292088173687151,0.009750998607305243,0.003070277600726784,0.011096143006912085,0.006478594201326943
27069.3876621,-2.312096666387815,-1.9874964975675187
1790873648.1556945,0.0033641604184179077,0.0013991411350441172,0.004827709920005856,0.004139538091038258,0.006061205580868888,0.0021521119411390373,0.0031213831152052535,0.011552178759082899
27069.4991662,-2.854138443832423,-2.383048106287485
1790873648.3776755,0.0026414823625533694,0.004727491515894191,0.007707754414852819,0.008072417400451502,0.004120421306342028,0.0033011046541097052,0.0010633341884042989,0.01040943242685831
27069.7211699,-2.325369232694264,-2.092996384747686
1790873648.492971,0.005457576475547504,0.007598652485673663,0.00573666276312997,0.0076113310957055215,0.003126833422147876,0.003332567596912549,0.005456216174815047,0.010841402799271644
27069.8355581,-2.1192634112042215,-2.118539379971906
1790873648.6055796,0.0044762227216253265,0.008792341963209766,0.00930251120286993,0.004754866456710858,0.004976692809028197,0.0024161765520713664,0.006281053140130387,0.010673756796338226
27069.9490392,-2.0558954241702505,-2.322861666843778
1790873648.7224414,0.0020650141540461617,0.014534860512225717,0.016474589750708455,0.00803410852368314,0.005095751895225106,0.0026430497980306097,0.0061960786912733665,0.007190614972301043
27070.0659784,-1.8375891287116806,-2.095062300766249
1790873648.8329961,0.009034514961903085,0.0066345302173530145,0.007733156813859265,0.017525014862659612,0.002347115864357759,0.005374719648449673,0.006976141011486384,0.0076302856950207255
27070.1755748,-2.1781898170048097,-1.7563416025654275
1790873648.941521,0.01721356381998239,0.0018945311813396372,0.0021784877290627284,0.02909720134355685,0.0017135784948043168,0.006603073303770351,0.007826288214869375,0.005714044668088958
27070.2849597,-2.7224982195254177,-1.5361487792638142
1790873649.0560076,0.010270237878126314,0.0033816108176209572,0.0022093222961975887,0.022740470339896485,0.00476828571711701,0.0035140091985616365,0.004232376976512694,0.0043990503258805646
27070.398672,-2.4708763630454667,-1.6432005551567366
1790873649.1664832,0.004317121661713183,0.015335584856513526,0.0046308461004685155,0.006905899846534978,0.00853009705039453,0.003996323656573494,0.0059298280832911525,0.002657027087035371
27070.5094293,-1.8142996537512164,-2.1607797180489055
1790873649.2782085,0.003399953401906791,0.01764504860845119,0.0052743779468292324,0.0022447710557082605,0.013618757720484645,0.006794532025114455,0.007981937408398617,0.0012054184716453853
27070.6216729,-1.753377138449811,-2.648827926767078
1790873649.3882608,0.009022194227975669,0.011610594028504099,0.0035246392664801973,0.005269514494481097,0.011844626748370448,0.006114129009858083,0.004239954025647568,0.003402632169106781
27070.7317212,-1.9351455563054412,-2.2782293883258715
1790873649.5093217,0.014791567038733014,0.007869642285421493,0.010284595417338891,0.009809345743673226,0.004497564291672602,0.003297013198953567,0.01703769078607727,0.01936664199910793
27070.8519134,-2.1040450025287196,-2.0083599534717935
1790873649.6211143,0.010946438795839545,0.0046431986742702285,0.016291206054204484,0.009188570762574493,0.003610920888290546,0.003434215071643464,0.030412791443062703,0.035119744739856226
27070.9646663,-2.3331827238890988,-2.0367520310255016
1790873649.7338805,0.008934048213755307,0.006745165793243542,0.018318575190571274,0.005816782763776546,0.002699568029484523,0.006465643077913234,0.011417815013319836,0.027925306884252765
27071.0769053,-2.1710073646526733,-2.235317147792442
1790873649.8431034,0.0036072643083119894,0.010686711038068597,0.015748817470983608,0.004297587236265073,0.005427393241474496,0.006314914938341118,0.0008683669149858328,0.01708150935772283
27071.1865692,-1.9711559294360086,-2.3667752887485114
1790873649.953481,0.000749141871975037,0.010697303030175699,0.007765324515648979,0.006691578091492553,0.01737925864254505,0.00762470878114771,0.003422842917896242,0.012248840233353951
27071.2970793,-1.970725697390428,-2.174471442915981
1790873650.0659525,0.0035183747164163805,0.01164842308528709,0.01562560206625838,0.005351024942303564,0.018850667170154142,0.010308369420345258,0.014601523166727233,0.007261026839307603
27071.4085229,-1.9337328598977543,-2.2715630165628777
1790873650.175054,0.013120155189263237,0.008557819221267263,0.014343432418414034,0.0017285525239251979,0.005861025405735136,0.010380683758939026,0.014036725532405031,0.0013550257434113153
27071.5185141,-2.067636886887486,-2.7623173942919887
1790873650.288533,0.013225768757448728,0.006826882081794054,0.003918375579999564,0.00329667129841997,0.001200070950241496,0.010014824087953287,0.00760067486046838,0.001411984633657602
27071.631218,-2.1657775921297544,-2.481924339773785
1790873650.400241,0.020003552356088205,0.004278450039628756,0.0008075341864380784,0.005015677111759042,0.004271998732389984,0.010008157530397832,0.007473953192288697,0.010886043574264856
27071.7428209,-2.3687135248433857,-2.299670420674677
1790873650.5117307,0.033804410697896574,0.003084056272391672,0.0009290599007942079,0.006821801541148287,0.0036036423595948996,0.005459870721363662,0.0024674501580528745,0.026194082974255656
27071.8543498,-2.5108776922310407,-2.1661009128100592
1790873650.6235785,0.02109963613785457,0.0032914567896282962,0.0008752102843606275,0.005446821303210614,0.001784279404408495,0.0038255893915158643,0.003781523822634251,0.018147879956802632
27071.9670765,-2.4826118287745924,-2.2638568646519137
1790873650.7351108,0.00877809783634551,0.0020176555267472467,0.0012909778759616379,0.00711832663580344,0.002838054667284878,0.00726289534831689,0.004048929272704178,0.00729766549260408
27072.0785608,-2.6951529571110266,-2.1476220814769067
1790873650.8462262,0.003331364087349227,0.0022059103964030724,0.0033244293770065933,0.0120946712433819,0.0017905228337451115,0.00603606643202734,0.0025591125319983786,0.005365205723794495
27072.1887957,-2.6564121127964757,-1.9174059285170635
1790873650.957813,0.006321418597398127,0.0021587482365427514,0.010797318875799733,0.006524358583556797,0.004237493873255734,0.010208521720494504,0.001261130191217054,0.00431890118534085
27072.3012505,-2.665797984076752,-2.1854621711744566
1790873651.0694704,0.018583208104403316,0.001592230059577637,0.01983021625562407,0.004909842596247713,0.005492310254377471,0.015120927741947938,0.005596709849072983,0.012664894314018701
27072.4130319,-2.79799415405457,-2.3089324217764124
1790873651.1821043,0.015375538973204117,0.0016343630452328249,0.01177875042405905,0.006396596448619452,0.005521088810726237,0.009391148819769895,0.009025326335235355,0.01606502647160172
27072.5247799,-2.786651439573406,-2.1940510405961593
1790873651.4092078,0.01790588344796422,0.007434693616166257,0.004576277658093242,0.003363644630354656,0.005679506680968091,0.00815154667740673,0.007959983349760842,0.005766057057470297
27072.7506588,-2.12873691821382,-2.473189880827291
1790873651.5307088,0.014048503805090795,0.01191158642616911,0.011080228381754839,0.006093750796986978,0.003874534317335363,0.0054211010578232915,0.006896337434051914,0.007564706938212217
27072.8738948,-1.9240303901819824,-2.215115303030173
1790873651.6449716,0.0034128342386694267,0.005545116030534238,0.012049188026563129,0.009692944082012121,0.0023553905431757346,0.0017635623208545994,0.0028729595252549173,0.012754490784768563
27072.9875167,-2.2560893540554754,-2.013544288192635
1790873651.7565773,0.0030061796540549707,0.00578431057101782,0.006159979644723538,0.00749639721766781,0.016756910110341333,0.0012212140695591854,0.0028835459510203297,0.023813311608569032
27073.0991592,-2.237748389453954,-2.1251474034039144
1790873651.8655908,0.005063180687246018,0.008831489213570895,0.028884262612634246,0.0094390168646229,0.020532237779401788,0.0028182425571028767,0.0070178685700855266,0.02477061337610184
27073.2090559,-2.053966052240617,-2.0250732333576904
1790873651.9762201,0.002923380507832586,0.004427406969458679,0.04333712710362023,0.018021889450552313,0.007084516497081147,0.010073502474847068,0.016043438427986577,0.014312956765394971
27073.3192686,-2.3538505458114867,-1.7441996762672454
1790873652.087669,0.004322159123945035,0.0019885536795455757,0.016834770670008797,0.014785943738233678,0.006067314819967935,0.016644285997523017,0.01200742403719979,0.013028005345192295
27073.430245,-2.7014626592195894,-1.8301509477253761
1790873652.1997468,0.006426969956530711,0.003768768445097165,0.00366953434780362,0.009256164685648828,0.007252650100198228,0.024393054063013456,0.005360024922980038,0.009425978636954728
27073.542325,-2.4238005334640853,-2.033568922329757
1790873652.3360379,0.0041247287602517715,0.012365683220748007,0.007408057908717539,0.00809064251094876,0.008357255235264061,0.018901101814468885,0.001872645947930974,0.008672841227537049
27073.6786474,-1.9077818797692738,-2.092016982552684
1790873652.4480968,0.003273820139193955,0.01354447214844384,0.008753646539851228,0.018110393004769472,0.010097626553954412,0.008509786750914171,0.001211270070028857,0.011931366029936571
27073.7909286,-1.868237912303305,-1.742072122773776
1790873652.5594676,0.00519625465387532,0.011017090192877102,0.0026984697972624937,0.02178556746596001,0.0052861874000661585,0.006170905120722273,0.0053921396935557074,0.009809621482069542
27073.9029366,-1.957933091201629,-1.6618311211744663
1790873652.672022,0.0038246789057508218,0.012354220930283025,0.0007541024734466769,0.016163183888637484,0.002375892189291957,0.005636413213351445,0.006191783247461492,0.010375393956387686
27074.0145842,-1.9081846329340912,-1.7914730833826669
1790873652.7846994,0.001062615734459751,0.015220543729972495,0.000742506435169194,0.0071905890874978395,0.008181641157754254,0.00665139761101035,0.006094579819480243,0.007794896869995803
27074.1272623,-1.8175698299480543,-2.1432355226358157
1790873652.8976996,0.0026021855804556552,0.015394143374968102,0.006071061129140445,0.004062316270910479,0.009543959455982173,0.009160814886821958,0.006926934938786926,0.006208940302137867
27074.2402905,-1.8126444700893514,-2.391226257004508
1790873653.014691,0.005543323298012097,0.007667524879989412,0.010441301227738994,0.002232706971418008,0.005385221395546335,0.013491070942380855,0.00819160464480065,0.013017289921404709
27074.3573401,-2.1153448004574575,-2.6511682521241577
1790873653.1254425,0.002422412552780946,0.0072112088763793825,0.012072127129819324,0.002783912015480162,0.004337387150820285,0.00925155464437979,0.004393108894151,0.011800320229961275
27074.4680031,-2.1419919186710334,-2.555344478962502
1790873653.239698,0.0022259683291826374,0.006211312211097969,0.024632490876745922,0.010243450654434084,0.00264638789900746,0.003366242606785632,0.0014019804626590668,0.011680059720189392
27074.5822741,-2.2068166334373513,-1.9895537160990961
1790873653.3527818,0.00440418358781114,0.0033044277211872115,0.029422996784177338,0.015520650016656192,0.007227646668793281,0.0008629069136603203,0.004482207788792413,0.023833939507696217
27074.6953604,-2.4809037300100614,-1.8090900913147483
1790873653.467477,0.005734931871152482,0.0036834979067966954,0.014660594568733925,0.018321838333738738,0.012596622648349867,0.0009746847605704153,0.013731705514045053,0.016549280568991197
27074.8109459,-2.4337395608131507,-1.737030950888175
1790873653.5787158,0.005184032119732776,0.00980356406808905,0.0067474147477380175,0.018177894662501696,0.005458232666700982,0.005737350297406081,0.016159186410944163,0.004873252582872914
27074.921419,-2.0086160041928327,-1.7404564151718125
1790873653.6904755,0.0014821793929883575,0.011370835582545985,0.009487216312588241,0.015463470551512995,0.002991261119567027,0.011744096467041895,0.007980126983823955,0.007853365625510346
27075.0330378,-1.9442076163165367,-1.810693025576874
1790873653.8022344,0.0020875761000831174,0.004311937388614041,0.01158729156313903,0.011451786934070153,0.006684417099531585,0.01149471590624068,0.004885334948413224,0.009826537074546072
27075.1456829,-2.3653275438664862,-1.9411267370378094
1790873653.9138908,0.006188676649650886,0.004155047132198091,0.013338335822174236,0.0021419727660283165,0.006033284591233643,0.00784508188300848,0.012023948141712204,0.00967024682812405
27075.2565641,-2.3814240350407823,-2.6691860350022085
1790873654.029403,0.007763820936891264,0.009016549495119236,0.020204102657323766,0.002068849066543647,0.010873411172383265,0.011577685118429805,0.01648568489608355,0.007865455534390822
27075.3720012,-2.04495962415217,-2.68427117126063
1790873654.3266444,0.005629641918870053,0.006396561820280783,0.016617524420287702,0.002428546672380459,0.010233422300962162,0.014857334490305562,0.0064885526651289665,0.00909193368971375
27075.6701394,-2.1940533916803635,-2.61465352785447
1790873654.4399343,0.007291569716549296,0.00667371812714496,0.005476592701960753,0.001909188792700042,0.004680989769148688,0.005860130916073854,0.002333723266834198,0.011037368129452418
27075.7826203,-2.1756321337584534,-2.7191511009416165
1790873654.5498652,0.004034739943935038,0.011010102970856023,0.008541793586980826,0.003998257975284871,0.00533180676829509,0.006832308021558874,0.005112872797877686,0.01772307440320438
27075.8933144,-1.9582086153702563,-2.3981291769375552
1790873654.6624076,0.0016202964078651707,0.007729336778182702,0.020624903203560262,0.006087145139082002,0.007696979833418843,0.009728516594298854,0.005115779327763821,0.012204048615884215
27076.0060149,-2.111857763843574,-2.2155863358715417
1790873654.7766042,0.008302760129458584,0.007633774188486438,0.022240556719793265,0.0037267858641988065,0.006484338476282384,0.005636745028478077,0.009693927192721065,0.007665398359405686
27076.1192365,-2.1172606851930516,-2.4286655488175604
1790873654.8857718,0.014239138134869914,0.01317744715643795,0.011490438181901768,0.002957339971389134,0.007132284996731125,0.004546887280141693,0.007439765393744582,0.0031072816522183595
27076.2292356,-1.8801687134005252,-2.529098732073221
1790873654.9983232,0.012463179119210549,0.010811588244443407,0.007144861565544867,0.003830938708238883,0.009479591160815256,0.005381557898540937,0.007068095508086451,0.00246236035147201
27076.3417818,-1.966110498594861,-2.416694784967179
1790873655.1104665,0.0060773111873672495,0.010019215761342662,0.002603607518680806,0.006191912651772966,0.007627994713185787,0.0030756563927533506,0.01531885434333291,0.006866532555524583
27076.4534096,-1.9991662665344199,-2.208175171784226
1790873655.2225726,0.005786760588290144,0.0067349882777740155,0.0009298430503113554,0.0029698462558086923,0.003480196196839622,0.0018915038619625717,0.009973619082845882,0.005999831441125795
27076.5661263,-2.1716631493801892,-2.527266018208201
1790873655.3423748,0.008696136160114535,0.009450290779295236,0.0034672683957381553,0.00215608447338363,0.005098736578308522,0.0010438352762188682,0.015545107424962531,0.004268645127061204
27076.6859197,-2.0245548237310937,-2.6663342077555
1790873655.4692588,0.0048953925128001575,0.006880205761346711,0.005600939946342705,0.004202377251728933,0.007850922231675403,0.0035641673643718903,0.02724977223435317,0.008507488948305572
27076.8119205,-2.1623985671264982,-2.3765049527831064
1790873655.5814734,0.00505084852961725,0.0008418492725554409,0.0022219975491818457,0.009438634874322815,0.0048461973774059095,0.0057039048110096606,0.01325187806096824,0.006951556802532771
27076.9240233,-3.074765607455181,-2.02509080930199
1790873655.6946619,0.010615553027299626,0.011093191764003018,0.0017839007476992848,0.011306872917432563,0.009268048312491029,0.004145824768585028,0.0017794125370371831,0.00723527209115546
27077.0372645,-1.9549434755391921,-1.9466574851755638
1790873655.8050299,0.010342891493287666,0.023374657462522038,0.00669607906015671,0.004501016293146328,0.010144935977040498,0.007942915346737021,0.0012007812914022478,0.004563836180178261
27077.1485013,-1.6312547427996769,-2.3466894053152365
1790873655.9152646,0.006753146181135125,0.011151719589790894,0.0064382032775250975,0.003703523652048515,0.009059441125560503,0.007777504518988384,0.0007810586411198206,0.0020502794745659797
27077.2578197,-1.9526581555576707,-2.4313848657145534
1790873656.031522,0.0031554422637169234,0.006432819731851065,0.005712781175197898,0.002692736110629531,0.011688176869054136,0.005576032953157981,0.001481760145896735,0.005931684606887373
27077.3746919,-2.191598611995968,-2.569806189432621
1790873656.1419525,0.005853528772748598,0.00583383239579691,0.005677324638804947,0.0021049523619280706,0.004800958809688394,0.00549275446433859,0.003913987247176713,0.008718292287219702
27077.4854958,-2.2340460447369894,-2.676757707788145
1790873656.2540934,0.0133161891443654,0.004452259306118203,0.00747542633049439,0.0016833939202170283,0.005560831146971605,0.004090317866413627,0.0025556648894590537,0.004783372923691534
27077.5967428,-2.351419539898049,-2.7738142198661677
1790873656.3658965,0.014036620937734882,0.01011637050687401,0.006591670369776293,0.0030316817171363274,0.013106627608602246,0.005217998221465888,0.004052352413161546,0.005882446072153691
27077.7093886,-1.9949752689310232,-2.518316380979666
1790873656.4801817,0.009703023870332825,0.011875112004356902,0.008132968032014803,0.011367885489549074,0.008910114952271321,0.010165657723889858,0.008712538772788677,0.01571040998429458
27077.8236882,-1.9253622818231975,-1.9443203059529957
1790873656.591902,0.005735661026699053,0.01165224825030504,0.007299646778415547,0.012104193628541959,0.0026411726470294515,0.011129825174352714,0.004223350728341535,0.017942640157908706
27077.9354642,-1.933590267606193,-1.9170641340130041
1790873656.7085695,0.005490088824856122,0.013962910545823532,0.003549582860926343,0.010571027183770178,0.0008684600517250701,0.01067530456173376,0.003820550503629589,0.00936475264890479
27078.0512207,-1.8550240411928849,-1.9758828062598304
1790873656.8184745,0.006559641279472006,0.009074064458492221,0.0033342817325248742,0.013406220653108586,0.0013681219650227812,0.007144197266600386,0.00679813835504011,0.00700638804381469
27078.1614,-2.04219813522019,-1.8726936335871096
1790873656.9284203,0.0067506745011670566,0.002161048221568198,0.005223891153166584,0.0072012943515457825,0.0020259648965231876,0.0023626945988049846,0.005861084057974835,0.007205177168586446
27078.2709823,-2.6653355220775174,-2.1425894309806277
1790873657.038988,0.00582291148773461,0.0008224352811247038,0.006641571736344317,0.006226882537001821,0.004946218556798505,0.006569656185740268,0.008240997485317427,0.005878628323494498
27078.3815612,-3.0848982146222683,-2.205729319694181
1790873657.1497664,0.0015143412421421848,0.0012913874284112145,0.016401093924299438,0.0039047084105733147,0.01103896623933052,0.010899334275336731,0.008741433264720088,0.0030065734228241167
27078.492339,-2.888943412113503,-2.408411380986304
1790873657.3532736,0.0038760045608876893,0.0026714176023827124,0.033297608371830795,0.002480512835798304,0.016643267597297378,0.010853713588756189,0.006677850532250659,0.0034277431316476884
27078.6957393,-2.5732582004635174,-2.605458503789588
1790873657.4781086,0.008328045136201723,0.0024342333615874063,0.020467404874095978,0.002512525799334476,0.020398808512175095,0.01238397522350102,0.010017018863960761,0.008097399755877003
27078.820658,-2.6136377719494615,-2.5998894528032657
1790873657.5932302,0.011328989514076356,0.010682137220280557,0.008742164757333833,0.0017125874805890226,0.008139373361261375,0.02070851602915977,0.014275877479000961,0.026601207286720576
27078.9358216,-1.9713418434182974,-2.7663472097368764
1790873657.7083843,0.008619668385162066,0.027129331949178364,0.00510583560802902,0.001628427589584594,0.0027422520697321395,0.01763037640761576,0.011811061655424926,0.03311170818709458
27079.0509757,-1.566560898863804,-2.7882315215397795
1790873657.823879,0.002051438460174414,0.017190795361385954,0.0012885478748202756,0.0028468784870496994,0.0030924029201520754,0.006212098329923181,0.006800288712368447,0.014338726045869027
27079.1664724,-1.7647040269489216,-2.545631054138158
1790873657.9342668,0.0029787223900033296,0.006937222279073858,0.006397548422035915,0.009114283874052602,0.006744486792784423,0.00545246098194202,0.015743487135415603,0.003484201394576815
27079.2774393,-2.1588143835663893,-2.040277444214975
1790873658.0479083,0.0021777892752774513,0.008267070488959511,0.012833116113509707,0.014037975229546558,0.011455035289565423,0.003225577287815968,0.02855584674002795,0.003786106907527231
27079.3904997,-2.0826483541026364,-1.8526955251558337
1790873658.1592493,0.002146978882705885,0.004754103394640069,0.02261981453656454,0.009248736305171123,0.01762543734144015,0.006530528971895042,0.019436508187363383,0.0030877441358989842
27079.5025914,-2.322931368114392,-2.0339175980444737
1790873658.2703798,0.0027653577372410373,0.0016875349827693356,0.04201929145271324,0.005035032488926891,0.013525313497821712,0.016424982590264977,0.011536313894713214,0.002641198317700251
27079.6138608,-2.7727471897000453,-2.2979977141579666
1790873658.382579,0.0011768875820601704,0.003547254576855986,0.0383460506767472,0.0018747095561205184,0.005602868400204725,0.011273136846450505,0.009994990243556793,0.0063789391163017566
27079.7255935,-2.4501076300274462,-2.7270659836741884
1790873658.505426,0.003910123044638904,0.010736628466484294,0.011121271277195588,0.007699487941075352,0.006806088180028616,0.00520962854002958,0.012126156619768956,0.006026298196197761
27079.8489711,-1.9691320710420068,-2.113538151233724
1790873658.6187348,0.006919867252908712,0.012502203643743832,0.0027717506429128427,0.008907293750487615,0.0036189495503627226,0.006552097290662222,0.0077152052632297715,0.00441967425532525
27079.9622959,-1.9030134278406172,-2.050254220128415
1790873658.7315288,0.006593381022955923,0.013531055771558822,0.003058862623989271,0.006494513653326932,0.0014151810975309275,0.00557761854057704,0.01724122362777118,0.0130340394361325
27080.0741101,-1.868668312692864,-2.187453359164026
1790873658.8520243,0.007128888149806438,0.016513833348606257,0.002691989402686708,0.010805554657060864,0.002377016989099877,0.004853095684769298,0.02173536564881369,0.018115808848970145
27080.1946144,-1.7821520998246418,-1.9663529315345014
1790873658.9712324,0.004908018332502799,0.006111525230481168,0.010315895643482125,0.009884279652762937,0.0071158217132496595,0.00217725880200183,0.01056637622047211,0.006821670599775803
27080.3145336,-2.2138503838757613,-2.0050549713474672
1790873659.083628,0.004185746836014336,0.0017412210814313613,0.010656406967587984,0.003973409707918315,0.007879495700338619,0.007107309464806109,0.001145618879667501,0.0038725182391625723
27080.4263777,-2.7591460584209067,-2.400836640547664
1790873659.1945832,0.006368304080904677,0.004412523161229902,0.004890136594284102,0.004559708558629302,0.004197382727558185,0.009041310519632579,0.0005949809144654995,0.007069606789706581
27080.5380357,-2.3553129921543396,-2.3410629055793795
1790873659.304397,0.007064727968066086,0.01021301800490699,0.003492165398789089,0.005390073307072206,0.005944230609190343,0.0023199161282857245,0.00123636035293728,0.007531803174362365
27080.6478872,-1.990845898205458,-2.268405320143632
1790873659.4156532,0.009052803309480417,0.014446979070911877,0.0027822279172430423,0.006009753653208776,0.008321411453721119,0.003005928377160089,0.005072033253499875,0.0029031783316511334
27080.75823,-1.8402229533610561,-2.221143322641781
1790873659.5256672,0.006773773114011968,0.005452815715239606,0.0018376642169578375,0.028757065736198472,0.027181971590423598,0.0046449192132715965,0.006851465402073716,0.0006834107953110395
27080.8683392,-2.2633791716284235,-1.5412554283084712
1790873659.6385481,0.004673062364232378,0.003937277365097953,0.005285043989364244,0.03132059487451943,0.03248521136132495,0.0031905435710589077,0.005278121145345265,0.004553939378708768
27080.9811318,-2.4048039788305706,-1.5041699965599313
1790873659.7696617,0.006354448804706835,0.006881645888873712,0.0070602624004409515,0.010887515796146392,0.020181775493640947,0.0025117852635759535,0.0029744739768542048,0.012036281938829612
27081.1137398,-2.1623076724638755,-1.9630711978989879
1790873659.883817,0.007047611275656518,0.015489603626230366,0.015248021456898108,0.003844796108721189,0.020131538820076754,0.01111551913100346,0.0036674861354501135,0.012299752916207217
27081.2268173,-1.8099596927451764,-2.4151266747893114
1790873659.996421,0.010487859384944835,0.016064553070141308,0.02381289340609226,0.004831344353891906,0.011180468523880618,0.022177315540630838,0.008326317621303427,0.014439167815225043
27081.3398803,-1.7941313496917193,-2.315931998097897
1790873660.109803,0.007691551872540198,0.006718556621973917,0.011251651545739006,0.004425522982522914,0.0063323115438302475,0.02072647280675023,0.016751950701155732,0.01281575495153188
27081.4523452,-2.172724011916869,-2.3540353897283564
1790873660.2213848,0.005985060225796212,0.002635099921060644,0.013311836021972322,0.003961054550796574,0.006268815272689612,0.011367229876677635,0.01733068811865759,0.005630796578775699
27081.5639562,-2.5792028955291206,-2.402189165579638
1790873660.4526749,0.007501414920622676,0.0007658038267546294,0.018332217096105188,0.004626222752682451,0.0063653874775188865,0.006297083109873504,0.01851889293876053,0.0074720649767745576
27081.7952644,-3.1158824110837933,-2.334773450389629
1790873660.5630388,0.006799369268582645,0.001077759225271321,0.0106061884877756,0.011960831527617934,0.0039029706478648763,0.0032374239892928145,0.02151380845504137,0.013799633856499094
27081.9065122,-2.9674782107414313,-1.9222386231294482
1790873660.678457,0.01717050248776384,0.005726130630433382,0.008010483666849049,0.010656675668858764,0.0016472854625436413,0.0038509676794909777,0.01359923257662182,0.006097615111432489
27082.0210014,-2.24213874104063,-1.972378247503641
1790873660.788052,0.01883949382532563,0.012959616323927307,0.009702726142028724,0.0028308091604763858,0.002812691547289598,0.005212975578140724,0.003597730312584075,0.0012894376543319565
27082.1316247,-1.8874078524343305,-2.5480893923492385
1790873660.8995042,0.00853590227661577,0.01224426831683323,0.01032424404587231,0.001981375579423026,0.002517163419768214,0.0028388850575485937,0.0015562179794485532,0.0011738239420313054
27082.2431019,-1.9120671584383278,-2.703033172098086
1790873661.0116534,0.0063086963625830425,0.018914369335343562,0.012366691055714111,0.005948877594469358,0.0010415519391811252,0.0051407174534566094,0.002733473746822672,0.0011672361221864735
27082.3546078,-1.7232081325798294,-2.2255649598299656
1790873661.124918,0.007817889607190947,0.019949680016675502,0.032350791267727504,0.008961911368318904,0.0016605838031013103,0.007382474690007061,0.004255487254178619,0.0012533644065543341
27082.4684952,-1.7000640636201634,-2.0475993506495413
1790873661.2414486,0.011776843581203287,0.0052723805747524706,0.029194415784511346,0.003752934369791207,0.005934221317925516,0.006637854265192106,0.005532193798463328,0.0016547215372276602
27082.5840511,-2.277993240489941,-2.425629018762122
1790873661.3537936,0.01200952038927265,0.0009545646969791391,0.010283727574063133,0.0032469052252182616,0.005943328710235234,0.024095047194374438,0.004801452171794521,0.0067353575610531085
27082.6965125,-3.020194585850365,-2.4885303745506935
1790873661.4653351,0.00602168042416924,0.0017634718502628369,0.006362745730856051,0.010294922783691903,0.007425654054885922,0.03350569012591665,0.0018222947262982493,0.016045630928939687
27082.80839,-2.7536314438178415,-1.9873769022088938
1790873661.5770125,0.007752435999659251,0.004328991779247065,0.007721577453748331,0.014889053695280692,0.010600146435104705,0.025454172313389468,0.002086417893168114,0.009603203832008213
27082.9196764,-2.363613228878804,-1.8271329009412753
1790873661.696467,0.005116826409377574,0.004992110386996919,0.003913795212690477,0.01110225135418605,0.004870496973284371,0.010241651291255314,0.0032393292674642335,0.003435057599122715
27083.039927,-2.301715811273933,-1.9545889405847063
1790873661.8112562,0.00257564676314535,0.0038370786781755993,0.0010316175960293384,0.006775162518676425,0.0018362616397280252,0.0054494380398989115,0.00986461553902561,0.002941180542104541
27083.1547224,-2.4159992843107414,-2.1690802763138888
1790873661.9244852,0.007664500332093145,0.008954862295081177,0.005228722094442133,0.007193100580657256,0.004035531667861321,0.0031714646884117414,0.012068112831944195,0.0026374333420227775
27083.2671624,-2.047941083351084,-2.1430838609076286
1790873662.033493,0.017688512310400643,0.01706459435690009,0.010007924305833533,0.006701977898046785,0.005894728175313006,0.002852235196366383,0.004149125406877277,0.00607914560133004
27083.3769493,-1.7679040283477372,-2.1737970022456827
1790873662.15048,0.01516691756219292,0.016744068675945984,0.008105501128753101,0.006931592475283171,0.002461000914003791,0.004071196011767818,0.0017730441616639868,0.006898410890653724
27083.4937013,-1.7761390008093314,-2.159166972141958
1790873662.2663498,0.007937114756005476,0.011123404959568687,0.008745322305051895,0.011532695283771495,0.0011467415403686352,0.004342356344415531,0.0017218132208878564,0.007773699440445706
27083.608924,-1.9537622476266507,-1.9380691789590174
1790873662.3773367,0.00469066790170961,0.01193901389491687,0.0093676565806879,0.010071316518453883,0.005163226512157425,0.007995045408396328,0.007046925457989836,0.01538308051671503
27083.7208043,-1.9230315387216217,-1.9969137506229377
1790873662.4888034,0.005108521317999278,0.036255894645300574,0.011295419357463544,0.010950847890339462,0.007788721668589542,0.00975534184351414,0.02126258952195278,0.02475243336527661
27083.8322658,-1.4406213726177093,-1.9605522494753889
1790873662.6026616,0.005201960364222955,0.03598987006199544,0.008526655837170894,0.010435959935824092,0.015138404834667869,0.012477525813647918,0.020804349953912976,0.019875132346501914
27083.9451727,-1.4438197201164868,-1.981467592685491
1790873662.7211604,0.005801554894549879,0.014935589285108576,0.002916763995691872,0.006728285401621038,0.027574571239206046,0.018202030994509052,0.008898685553235404,0.008815991559345837
27084.0643032,-1.8257776346835655,-2.1720955883831703
1790873662.8323653,0.005393821114793318,0.0113546193961205,0.0011934132536937446,0.008223289411157795,0.01730613031563753,0.021382705801450266,0.013016216665508848,0.004617262087443864
27084.1749546,-1.9448274148131612,-2.084954419593088
1790873662.9419842,0.013556246513134614,0.005678607996533476,0.006227174595445822,0.013463722631896232,0.0052482750639936395,0.012293948869841281,0.015209030787204586,0.00494707608696526
27084.2855444,-2.245758102682267,-1.8708348406780564
1790873663.0540648,0.017866750906454898,0.006634914679862912,0.00845815613603429,0.010745692613730082,0.010703160483601044,0.00317622940391279,0.00731544240066425,0.011312491432025428
27084.396631,-2.1781646509265946,-1.9687655827734196
1790873663.1646883,0.004445046713433986,0.01434571985837802,0.0042780929583224265,0.012507494137376132,0.01472898092698964,0.0031936432212207426,0.003148643518064134,0.013871403500881068
27084.5082236,-1.8432776512447746,-1.9028296885386027
1790873663.2775786,0.011009354067281216,0.018578962466899492,0.0018682131445804655,0.011133255367181799,0.008281685099229592,0.002633786656802259,0.00503244856718306,0.011165720030073325
27084.6201688,-1.7309785402912392,-1.953377825359433
1790873663.4608076,0.016962713239061306,0.014081212874977198,0.002109455643204345,0.012189705992725135,0.005315959353907472,0.0044020519925334275,0.005907915023852038,0.010437012714749923
27084.8031235,-1.8513599328608457,-1.9140067655749282
1790873663.5833223,0.005954231183769095,0.021576373229577134,0.004440471789598542,0.011392529071096738,0.006923537581332808,0.007041108805461299,0.006439173249690889,0.015152988087975354
27084.9260142,-1.6660215520217676,-1.943379850713025
1790873663.6981637,0.002348408825855903,0.02400812301115482,0.00479262828021958,0.003638211076097627,0.005753835555253176,0.0029539666198870984,0.005177604244359281,0.013809398150947118
27085.0407144,-1.6196417905606233,-2.4391120963796884
1790873663.812202,0.008801308866680395,0.011696994819656073,0.010814943096205724,0.002582554033380154,0.0067292061968552315,0.0018527594181241705,0.004855663396334708,0.00832305552103277
27085.155654,-1.9319256987189923,-2.587950566388443
1790873663.922962,0.010004680939557151,0.006200521165443201,0.024220660791919812,0.005503127531097979,0.008179008383747422,0.0009779100993042838,0.0037459711572513164,0.010642479369607515
27085.2664304,-2.20757179869698,-2.259390414712232
1790873664.0362098,0.00417314795198184,0.005317974437068923,0.019274051581369463,0.010690042574092333,0.005593079018870854,0.0013703689617638778,0.005065124538717112,0.014894226493089765
27085.378768,-2.2742537464397534,-1.97102056110686
1790873664.147406,0.001524219306172328,0.004613634538683502,0.011876494480925376,0.007477034038559906,0.011169422736077133,0.001935279239333377,0.012849054864646348,0.009776941485771245
27085.4899724,-2.3359568009476375,-2.126270636451844
1790873664.26187,0.007179669455171746,0.0027080229735559694,0.009067099253197042,0.004488635101591003,0.011811640705511217,0.006241520491950283,0.02467393262927471,0.006402329994668709
27085.6049054,-2.567347639589794,-2.347885688956508
1790873664.3725646,0.008883933991438622,0.0016117602931191447,0.009749754555739842,0.003568435668142387,0.005992075805022608,0.008460740665056962,0.03390948542947123,0.005937437353882336
27085.7151405,-2.79269952064548,-2.4475221161390497
1790873664.483128,0.0045989034742701,0.0031240131345469067,0.006795398008663365,0.0017292113698060005,0.0038669863642453923,0.0018397434553011026,0.01905082699358737,0.0057709433285921255
27085.8266292,-2.505287134948861,-2.762151892467015
1790873664.596115,0.004340734268967714,0.004308928676311815,0.003607158263631114,0.0022197513917710265,0.002421105034760626,0.0007643331675894514,0.012996998171386073,0.006162780075054532
27085.9396075,-2.3656306844473485,-2.6536956434744248
1790873664.7092535,0.0071077312032518485,0.005222694719422566,0.005282984215404295,0.0023236879348116483,0.002473795217365512,0.002142172552997977,0.011882358431024906,0.004707894334217114
27086.0514811,-2.2821053507881315,-2.6338221782843525
1790873664.8204641,0.007772572839319237,0.009200136360159815,0.004848763175642176,0.0012750579704184555,0.002382985289214035,0.002030398675324324,0.0038402040653464733,0.0070937468886392045
27086.1630445,-2.036205730974565,-2.8944700355531676
1790873664.9336815,0.008855301964296356,0.014261549467122043,0.0068504568806023215,0.005930740855378675,0.009505590884970919,0.002125090147643457,0.0036969756588953843,0.011210825418840255
27086.2764728,-1.845833284309614,-2.226891044792582
1790873665.0464199,0.009483620698991191,0.012716703246282381,0.006995787510959077,0.012944629752999292,0.02058238905336806,0.002124394501043451,0.008825516968950111,0.016093915492254054
27086.3898941,-1.8956254597630964,-1.8879103635449233
1790873665.1580834,0.014937255125358234,0.00944793159287554,0.0039298229332147,0.011039385778261511,0.011364040194122437,0.002226775550675655,0.014553572656036124,0.011575663109023235
27086.5016572,-2.024663255266945,-1.9570550857644868
1790873665.2714183,0.013271627359889236,0.008285622825697366,0.0009760859646324111,0.012619317056469683,0.0018322094112629714,0.003880351706598626,0.010312649969147152,0.002864750272299403
27086.6140078,-2.081674835099418,-1.8989641445530985
1790873665.3835633,0.006367149476632104,0.008178244653251362,0.001155345486766849,0.0069280747182797016,0.001742969977914779,0.004665404261387324,0.0076893308077417,0.003029982839580029
27086.7261356,-2.0873398963011356,-2.159387430893919
1790873665.4955251,0.01202152332326413,0.014341449841352555,0.0018021754240676177,0.0034624470458910496,0.0029015920538968966,0.003072198010892566,0.006031868146987779,0.004912392573511042
27086.8384992,-1.843406938647608,-2.4606168473637577
1790873665.6039076,0.023255489753335273,0.009409683825956897,0.001995852852598891,0.009502871126952162,0.0024121156426509206,0.0013366132573525045,0.006248599827035309,0.006548018164476361
27086.9473661,-2.026424964406773,-2.0221451558034933
1790873665.7158523,0.009674902511824493,0.0067083817264918,0.0021283672500628293,0.017182789824386903,0.002572817582626483,0.0009750215107174276,0.008905593204347763,0.004484443761206398
27087.0584883,-2.1733822262658413,-1.7649063195272023
1790873665.8260915,0.0010899313855084142,0.005729826807971842,0.0034265265426848823,0.02157792096813721,0.014337790842204887,0.0026664260219967802,0.020201172693915127,0.00291782899271757
27087.1690572,-2.241858497412737,-1.6659903998814887
1790873665.936573,0.0022046597916085195,0.0032147609766913937,0.006359350701894227,0.018841794807417222,0.01710376420220607,0.007991923888533599,0.01691933812418224,0.0054070698599614
27087.2791718,-2.492851298612326,-1.7248777278034173
1790873666.0505893,0.005994116162357325,0.003693106726856034,0.009319886847842304,0.02412249562494044,0.01549406649397148,0.009938093824039292,0.005174365426478655,0.005920225783110892
27087.3940371,-2.432608129759504,-1.6175777618926368
1790873666.1621156,0.005615119187302341,0.00398067541528697,0.015272250850931974,0.013574999832466373,0.01972229977293673,0.0038649126140362935,0.001668165309151616,0.00901564161022895
27087.5052954,-2.4000432224821666,-1.8672601638996666
1790873666.2744827,0.0013879292305864937,0.0025827022167441566,0.012712952983021957,0.00785621622360618,0.010267737890336354,0.004383404271512498,0.009676510470371597,0.01065974046217632
27087.61798,-2.587925647890035,-2.1047865666092163
1790873666.5036187,0.002702590481517118,0.006453381815520097,0.004418955262991749,0.0050644532900926,0.009466829154751659,0.0067911961134285185,0.01048522817198569,0.008357331086697832
27087.8467131,-2.19021263229023,-2.295467421473867
1790873666.6260529,0.005342582252538212,0.007263776887346397,0.0077195194780588575,0.003521380931678409,0.01601577649555685,0.004581157779450159,0.0030136209615996465,0.006687275641540455
27087.9695219,-2.138837498001789,-2.45328697947337
1790873666.740138,0.009623698368315966,0.005576676731677689,0.008872187380436316,0.004650204683333451,0.0140427215480321,0.0037415125726391473,0.0040363387122117345,0.004074936166223377
27088.0834658,-2.253624522136675,-2.3325279214512484
1790873666.854343,0.008536537232672371,0.010198202347079993,0.003017449363151936,0.006986848961098354,0.010065993405028749,0.00799233093184438,0.007709990436476344,0.003306884637537232
27088.1978654,-1.9914763709940566,-2.155718638832411
1790873666.968967,0.006984347224979742,0.01007209683759337,0.001766408344121528,0.011738555303723563,0.00969354915772147,0.006320382904349393,0.007474470621851927,0.005395521911619035
27088.3116912,-1.9968801030690482,-1.9303853459158218
1790873667.0806518,0.005427123256754888,0.0035865655608278567,0.005040274339326195,0.015566117872673932,0.005490982752710192,0.0013092259110153394,0.0054133346095176825,0.016398561442498592
27088.4238731,-2.4453212139365363,-1.8078196824387605
1790873667.1947687,0.002207223835833338,0.007055343563257783,0.00838694354957862,0.012607891889434968,0.003076139879637708,0.003096751241907938,0.0028089520162127637,0.021800608394037968
27088.5373153,-2.1514818270660547,-1.899357520396502
1790873667.3079433,0.003708021416654285,0.009521726335409576,0.00780934965922359,0.008680158810138014,0.005548224741141351,0.00471289758772086,0.0025155898357704727,0.006904858552546789
27088.6512938,-2.021284300208573,-2.061472323998125
1790873667.4190423,0.010018759047001568,0.01188471159788127,0.005678631595971123,0.005639779537610637,0.006431596938272484,0.009404375620431426,0.0028479617750746616,0.006483513399651875
27088.7620897,-1.925011349025236,-2.2487378648179654
1790873667.5325294,0.018216165526480078,0.011489789101634002,0.0028128039159884266,0.0027583102339710903,0.001323964628338654,0.024180254766955945,0.0028073688194517597,0.017463473719733856
27088.8761635,-1.9396879390581852,-2.559356873494052
1790873667.6461358,0.01754300906070866,0.005159423110199523,0.0026923027407632946,0.008149320176744645,0.004151751092841357,0.017505589058478984,0.005268591655935923,0.02522085582228518
27088.9893671,-2.287398846944298,-2.088878613636685
1790873667.7615178,0.014983680205646568,0.002065002099886697,0.004147807282997642,0.014618289279872939,0.007434806653884134,0.006718563877570613,0.011769737034775109,0.012325527590399676
27089.1040468,-2.6850794813450407,-1.8351034451857948
1790873667.8975496,0.015522861851544051,0.0031532967197360315,0.004500000534151529,0.00582126021185038,0.00392807735812311,0.004244105296876101,0.034383536095785226,0.0037264859499777747
27089.2401445,-2.501235147201263,-2.2349829797440735
1790873668.0110598,0.01317236056956199,0.005368925724851696,0.0041240640534645975,0.00244742766973383,0.0024889555401586753,0.0008593257967458878,0.035384600904664894,0.004364711643947613
27089.3540719,-2.270112596051687,-2.6112901165499176
1790873668.1238403,0.008131296057644828,0.005398132609588272,0.004714814652630541,0.0043620605212015525,0.0027914648463071845,0.005290758580453245,0.014724988647680128,0.008035502803412505
27089.4667664,-2.267756442800359,-2.360308303161175
1790873668.2447925,0.00534827829891368,0.00340592003593386,0.007525455073967385,0.003069407146922238,0.0036590181911791806,0.011162633588822342,0.01336602435678224,0.007974179746225737
27089.5873685,-2.4677655398525356,-2.5129454858407714
1790873668.3602893,0.00424714917367243,0.0018906125637203626,0.011802593697730382,0.003462695300967019,0.002543099282918734,0.005774051133110892,0.010379309596392118,0.008606978768203195
27089.7039305,-2.7233974374370384,-2.4605857098647346
1790873668.4914355,0.0021096740329658234,0.00206639472143375,0.0065157049637423045,0.005000218463891125,0.0016495792504178594,0.007074333488519849,0.0143115284536334,0.009446925791371087
27089.8350167,-2.6847866952133517,-2.301011011860524
1790873668.602306,0.002535968866079119,0.008713281304742563,0.004269592892045413,0.007060839981724627,0.004507829429132208,0.011149906016533777,0.02236746043889107,0.007971221041748243
27089.9459478,-2.05981825973462,-2.1511436245639994
1790873668.716873,0.003974483232446518,0.019501301538053024,0.006281200313151648,0.017080255756621737,0.016290504649665773,0.015170090476679166,0.010954187000878746,0.004593309525761359
27090.0604477,-1.7099364001575938,-1.7675056280096175
1790873668.828324,0.008146088864012207,0.013144980726378354,0.006315516931388356,0.018875859445663296,0.014001073245790396,0.009021476917988887,0.010582729797598375,0.006989880016327581
27090.1718148,-1.8812400430307377,-1.7240932628808119
1790873668.941272,0.008928014733068906,0.007757019223097748,0.007211624636441702,0.0075265020805749495,0.011004212615765984,0.004093924333688561,0.013169079938733516,0.003809497262757172
27090.2848418,-2.110305126706611,-2.1234068082089985
1790873669.0547593,0.010503546333394254,0.00710263199680147,0.007660132323153806,0.007990332106471786,0.01299990530797679,0.009540743596467172,0.004782628685143398,0.0030915534010582057
27090.3973325,-2.1485806803958085,-2.0974351640604385
1790873669.1662982,0.012258412148102938,0.002867202013328947,0.005589943715800569,0.014168601815114397,0.007336531618622767,0.01334964577360547,0.003570512840868862,0.0065833115283433245
27090.5088865,-2.542541691912374,-1.8486730015878814
1790873669.2798061,0.005786517014960601,0.0008411689324889473,0.003439136181085338,0.011130729193318286,0.008621205265672699,0.013457409736849344,0.004113220068903818,0.010375899276939415
27090.6228495,-3.0751167241772612,-1.953476379448987
1790873669.391392,0.003553214915643002,0.0010462846067633487,0.010893262531348985,0.004149912247083261,0.01459175007687829,0.013846092180606479,0.010786906176592092,0.009691451534317967
27090.7339667,-2.9803501225893085,-2.38196107619877
1790873669.6147947,0.014978324783073114,0.004903309147341497,0.0126286926319651,0.005485813796570133,0.005336768947748944,0.004483119562592538,0.013061768791479578,0.0037804197450976413
27090.9582819,-2.309510715324363,-2.2607589296996977
1790873669.7293482,0.018216742535472612,0.009727891242714634,0.004310554461226939,0.013370886811811424,0.0014926956030660741,0.0022532815452236178,0.010197377776462487,0.00849218570601843
27091.071918,-2.01198128896803,-1.8738397843512895
1790873669.844244,0.013620962476429745,0.008623830048757143,0.0041543740438738435,0.011280326061027477,0.006595070470610063,0.0018022937163457754,0.00603799470712557,0.026719986591650164
27091.186932,-2.064299805750094,-1.9476783429159228
1790873669.957049,0.008553101968861321,0.007726301884545675,0.006167502532856577,0.00275104569912024,0.012493931053144133,0.0018340856183491187,0.005780162758792495,0.02779149263039837
27091.3005013,-2.1120283213453854,-2.5605021794614142
1790873670.067906,0.0035562630692465183,0.0058173120895013185,0.009758062310831773,0.0013596691640771934,0.007082427269500036,0.0031086129593846227,0.006781420706300222,0.025263119735520683
27091.4104791,-2.235277628905841,-2.866566719758061
1790873670.1795301,0.0030941909171813722,0.0023573115788125634,0.011775493999814382,0.007869045670122268,0.0026858363307496456,0.0034013610131395154,0.0037592403814282146,0.015354559040041701
27091.5225621,-2.627582992172539,-2.104077928618853
1790873670.2934043,0.009688919955589428,0.00044381942514741204,0.008062801621985234,0.02260229835198774,0.0031466243777886426,0.008735790186442776,0.003664748420871755,0.010561901116391303
27091.6363973,-3.352793595575728,-1.645847394734935
1790873670.4059904,0.017722265617736436,0.0033277684521674697,0.002732373728875489,0.0191772568351989,0.01815403181008216,0.00990571334538443,0.0034329674663570084,0.009315964328393126
27091.7486287,-2.4778468867118186,-1.7172135130726873
1790873670.5175843,0.017605799527817056,0.007910006595498767,0.001207481593296037,0.00934204197162594,0.0374344414576245,0.005235483643770002,0.005992560514527102,0.007121960846327922
27091.8610534,-2.101823148889563,-2.0295581812107444
1790873670.634054,0.012852441003665586,0.007162766656957442,0.004084007627542838,0.005834805276879681,0.02451946760499168,0.0013145795388550734,0.009417403549381942,0.0020197334823259766
27091.9767048,-2.144919190655642,-2.2339736255066756
1790873670.7522235,0.007964478110075252,0.004675969080016886,0.00659839749194951,0.005353252338781265,0.007504776581324815,0.0005935658288201974,0.007896876438027845,0.001016604857451409
27092.0948217,-2.3301283599979454,-2.2713822764774405
1790873670.8639534,0.01161130211211143,0.0075632231675287626,0.009010895447115344,0.005068104519975047,0.0076950839382002685,0.005235548620163986,0.00839100468499965,0.00264927538367094
27092.2066254,-2.1212930789739137,-2.2951544286329346
1790873670.973605,0.014577717221318285,0.01311020305267309,0.0064467117618526035,0.005119241308988097,0.014513162140762174,0.015118924104696452,0.010106616319462433,0.0029331455364199357
27092.3162416,-1.88239057853102,-2.2907943898638328
1790873671.0852938,0.01428487220819146,0.011403317576535515,0.010579982056244894,0.011314097299477237,0.012355480025574997,0.01304912988779635,0.011353556693867893,0.004513170748189886
27092.428546,-1.9429687768221384,-1.9463800868760206
1790873671.1969445,0.01473694837344988,0.006969185481650114,0.019008086727016094,0.013530835075245981,0.006137489941948528,0.008435294056169584,0.012324433468326816,0.004182619726215055
27092.540413,-2.156817970547763,-1.8686753962474227
1790873671.3052838,0.009651382710140348,0.007481676719053761,0.0112228009719947,0.004494166258385516,0.005970205802723766,0.007648408919247576,0.01008398399232679,0.0012243494623509143
27092.6487496,-2.1260010556583953,-2.3473508555502596
1790873671.4159665,0.004483825885709184,0.006566816458655661,0.007798126430635182,0.006309875428938165,0.02784911565572379,0.007914145028826147,0.0021311742599861277,0.0011642641790834754
27092.758541,-2.1826451153823205,-2.1999792077334384
1790873671.5256195,0.006538543623641063,0.005317851856239658,0.012785557367519186,0.014406671150119286,0.03739197612781362,0.008537239342658277,0.002640914490493448,0.0019914187832858563
27092.8690873,-2.2742637571667568,-1.841436354002528
1790873671.6349893,0.004608313292342024,0.0059461651181802406,0.015862112763079864,0.008995663671773462,0.02213616860248584,0.006731347623768043,0.007971732302091472,0.004940183572793075
27092.9779372,-2.2257630278005864,-2.0459667854276375
1790873671.748189,0.0011094809451965503,0.008043467860233635,0.010139695423271583,0.005271650612950506,0.008894510521622401,0.010183982252963785,0.00824126967781267,0.004031025875682042
27093.0907652,-2.094556663780962,-2.2780533727811765
1790873671.8619092,0.0017558185143176847,0.010625814161994068,0.012645327607037285,0.0023645124540376695,0.006890112519171074,0.01286732768189243,0.004917875649747175,0.0016319738227912946
27093.2045265,-1.973637779777313,-2.6262583758186495
1790873671.9721897,0.003455948675633713,0.006926568918115131,0.0168347548080016,0.00703816263864731,0.005371184182398038,0.011529780161668226,0.0038451457222987984,0.0021904178854546606
27093.3153566,-2.159481833999855,-2.152540695488976
1790873672.0823789,0.008847736899081,0.006006864927947445,0.009148836130158332,0.011013555992890597,0.011891814686542606,0.01300921206292692,0.004291579419598346,0.0032182755767759517
27093.425871,-2.221352126380627,-1.9580724319670677
1790873672.195091,0.006237416429933755,0.02118088965336737,0.007881974567509198,0.006349389889090247,0.017071694533870422,0.01018401423243886,0.0031293276091411723,0.0019366619139625431
27093.5376545,-1.6740558002785124,-2.197267997085625
1790873672.3099008,0.002315884377367387,0.03357716053342629,0.010300107295404136,0.003490789921576085,0.018753018258927102,0.007641426520645304,0.0025638195492833217,0.0011950392793428804
27093.6519077,-1.4739560316456013,-2.4570762741343977
1790873672.4210684,0.008060258926993863,0.018910443526561547,0.012022537545732381,0.00869649359431827,0.014257725497183285,0.0058988152355416755,0.009325794006389164,0.005537808455539263
27093.7644313,-1.7232982827727394,-2.0606558136052793
1790873672.5918417,0.018380097213008678,0.0026170809650011314,0.006152454890039973,0.010258459851818514,0.0056259445359729925,0.0017866299015955485,0.01153225182834576,0.005376487362372323
27093.9348439,-2.5821828247283265,-1.988917832657814
1790873672.7042675,0.017944840280987185,0.00035210832957884014,0.0012416404080255415,0.012506528114007369,0.0059329415481208245,0.001976772723296454,0.005616090064823453,0.009727594918015765
27094.0472354,-3.453323577668376,-1.9028632328131765
1790873672.816094,0.006140302381959495,0.0009572415835590635,0.000502880942973248,0.018064578513270587,0.00720525686757886,0.006957883526569761,0.0022817688698739185,0.027686264032394797
27094.1591068,-3.0189783980804026,-1.7431721646282465
1790873672.9297066,0.010089368541231157,0.004955807054542882,0.003910552801304594,0.012689177508051137,0.007196148083343256,0.017473248315941974,0.0014780708063678039,0.027944212386465637
27094.2722985,-2.3048856016800303,-1.8965665238358682
1790873673.0404418,0.01280280152285864,0.00624305583264678,0.010470597288899033,0.003868292525522685,0.012159612747088558,0.011547659232551138,0.0013266470495263778,0.009018040485396285
27094.3839065,-2.204602774129893,-2.4124806801829326
1790873673.1543603,0.005401507025646954,0.0020984650587015266,0.018572664099362462,0.004743349160206772,0.013944680210420696,0.0053957834028726575,0.0012733925828791342,0.0028081017014483403
27094.4977527,-2.678098237083553,-2.3239148963904794
1790873673.2741802,0.0027856976611438816,0.0035977727113736453,0.018254425364805475,0.00807596664140835,0.00767337073265523,0.007003061801453921,0.0012946010263717455,0.012728117257560867
27094.6176495,-2.4439662645263116,-2.092805478244071
1790873673.4085836,0.0020595555117080464,0.007609685037057896,0.00971130845739278,0.0065467714842088924,0.0014832286345637577,0.008798381911875678,0.0066181405899764165,0.020423154139147557
27094.7510918,-2.118633312489251,-2.1839728112772043
1790873673.5227802,0.004033095442374474,0.012011340901377315,0.00800578368498076,0.005792603898176007,0.0017243178676060638,0.007008733348863933,0.009562742268981836,0.011747006577202011
27094.8655903,-1.9204085032559732,-2.237126160312519
1790873673.6351337,0.0062799192248390355,0.007312078691737264,0.008226400429343356,0.003261840683796932,0.007975690328726213,0.0022796704179317826,0.002481110155125377,0.010187038418516738
27094.9786506,-2.1359591374831486,-2.486537241458214
1790873673.7477446,0.004261643683454769,0.012556423856699693,0.016605631124853196,0.0010257241341990332,0.008106456500393251,0.00442766670622773,0.0024769342840068767,0.008685307880351429
27095.0909414,-1.9011340291501693,-2.988969383535531
1790873673.8641312,0.0019324628550264052,0.019444440907466432,0.015788667049779524,0.0015975288735812587,0.0037117962242468393,0.006473485575137478,0.0050028212001547515,0.00871790232880253
27095.2057873,-1.7112045375184388,-2.796551256517071
1790873673.9762776,0.00388635959762324,0.011446617944364466,0.006971616711740171,0.0019163419166345194,0.005412019069289515,0.00811376775224204,0.002543687013176539,0.007523975661141394
27095.3193748,-1.9413228086625915,-2.7175269782003637
1790873674.0915549,0.01331287125785642,0.010520160614152627,0.004234519796606768,0.0037624078108599115,0.005068591999894743,0.00862249150067107,0.0014386191318390843,0.005765262907300228
27095.4332605,-1.977977625511509,-2.424534121111011
1790873674.2049878,0.023847485165855314,0.014867674006616054,0.006829829765038267,0.0075477858951394534,0.0018065701276927624,0.00781911928182676,0.0048722667580584356,0.007185909890922684
27095.5480299,-1.8277569670308118,-2.1221804220269287
1790873674.3181572,0.013634547511990669,0.014977885824913828,0.006800484717339592,0.007247353061460315,0.005742768143856009,0.004831130947546727,0.01429688660713302,0.0024834940956580697
27095.6617042,-1.8245494814253822,-2.1398205751193666
1790873674.4336317,0.0026962693552969146,0.010597391792223798,0.008171636296340311,0.013224649891065815,0.009472940449947462,0.004890815270814259,0.014472641492685208,0.012872640451660663
27095.7761423,-1.9748010051301244,-1.8786158133540436
1790873674.547911,0.0014722347297663827,0.006951815850770419,0.01439011675186866,0.018571225787529577,0.0058022524595543815,0.009271043977901053,0.0063391570819421525,0.025083783607148885
27095.8912675,-2.157901734347493,-1.7311594275139948
1790873674.660358,0.0024040029116381653,0.008123951724384149,0.01006987601673654,0.015802373262514994,0.013102309819834656,0.009441996283683614,0.006495360791924701,0.017059309159866632
27096.0035334,-2.09023266065696,-1.8012776813470632
1790873674.7711813,0.0021599047126917496,0.012932811468794709,0.004465692059994731,0.019732960831335012,0.022352870159964205,0.004643854770835108,0.0068963364329469165,0.021341998618659527
27096.1141811,-1.88830705005568,-1.704807743959193
1790873674.885211,0.001219844882767632,0.005759919925309835,0.0037957717728732874,0.01594544643429272,0.009402379077140926,0.01864487193034008,0.00798023413082662,0.026140264255185907
27096.2273451,-2.2395835465781344,-1.7973633143223124
1790873674.996362,0.001991940285794953,0.002242425405202329,0.00675444946014593,0.005366216216002614,0.0036384248774154735,0.023145224164403438,0.00891624108235871,0.021467938067521387
27096.3399868,-2.649281975582395,-2.270331824591257
1790873675.110071,0.004767240246291633,0.004201493666837426,0.004240106486354147,0.0035549075797751723,0.010503631371847046,0.006832905510402078,0.011568668325808093,0.013409609959150475
27096.4526876,-2.376596276421624,-2.4491716733265707
1790873675.2235968,0.00593927509636952,0.002236141841401544,0.005354530080733895,0.002218316384823047,0.008096794717415822,0.002571274079605687,0.009806008196415255,0.015788876787142633
27096.5661958,-2.650500632623301,-2.653976493440674
1790873675.3361142,0.012121234194206456,0.00272580469853907,0.006113713189089643,0.005059759779377984,0.001761849755192135,0.003299457800458531,0.009611980178586098,0.010141983483727086
27096.6785826,-2.5645052482639046,-2.2958700929498392
1790873675.4493458,0.013788415397661444,0.007409462572910353,0.004345589423401419,0.012466740822936773,0.004379413256367637,0.007428615126118944,0.008033099690299375,0.005111195669052041
27096.7918453,-2.1302132854958757,-1.9042470657016173
1790873675.5620775,0.012656441771305862,0.010743988992912101,0.003171692515073859,0.008501487301979386,0.009854712824393411,0.010692743738300972,0.005394340782666176,0.0036139300375095055
27096.90524,-1.9688344412263936,-2.0705050844080697
1790873675.6761384,0.013010947369669984,0.010520875421917228,0.002737751957011741,0.0026255027623935563,0.022973751072995555,0.004828382568921328,0.006025936545306009,0.008691866305862314
27097.0176236,-1.977948117737802,-2.5807875038971875
1790873675.7873101,0.013050187487675731,0.0071507834377375346,0.010506497852757335,0.0036547519052282118,0.02018419713587896,0.007755642978910221,0.006776226106344724,0.016057282103078257
27097.1304318,-2.1456463683427107,-2.4371420869455065
1790873675.900249,0.012309388994707194,0.007931077064462763,0.01252660425666671,0.010348959524991128,0.02155106296567622,0.009563217572512163,0.00447752342786907,0.01500886770456127
27097.2437559,-2.100667824685787,-1.985103307389263
1790873676.013356,0.011345190302576162,0.008626382005716953,0.0029660569066130584,0.008393995735669688,0.020230585752729336,0.006397170617271496,0.003198365013406502,0.00799871793816006
27097.3557705,-2.0641713086838043,-2.076031250581537
1790873676.1263626,0.00813922827179915,0.0034139041638022428,0.0036290780216914685,0.0022970864346692228,0.009068953771976062,0.003059689332065527,0.008843740303764362,0.004721937254935625
27097.4694057,-2.4667486619809162,-2.638822643977176
1790873676.240626,0.005911492970390858,0.0056196961359023185,0.011269595494505263,0.0030792777921414744,0.006193977748019767,0.005812673555890543,0.010726118816068,0.003461680582424104
27097.5825968,-2.2502871589214744,-2.5115511160407156
1790873676.357201,0.01069267521419065,0.009032828559760883,0.011646509299576313,0.004400652489894353,0.004519982815226597,0.010206418559401437,0.006477579281536451,0.0038017433008778177
27097.6997247,-2.0441762276537867,-2.35648291551959
1790873676.4670596,0.014636222357036635,0.008917348542762221,0.0031215510740175236,0.011151479277963785,0.006074523978577996,0.00659635111494733,0.016231382566476427,0.0030370882729691927
27097.8100122,-2.0497642533572584,-1.9526675144034702
1790873676.6498637,0.01554836787441892,0.01008240272572084,0.0013750527798238783,0.014458301848724936,0.012139700960201517,0.003670746499128496,0.024656948780575283,0.013987102484244307
27097.9923733,-1.9964359550338666,-1.8398827096419106
1790873676.7618566,0.006915509842748436,0.005659897529216553,0.0016599926877465994,0.0054350413505458725,0.007740698165438688,0.003092281930522229,0.009593057257064387,0.021857890163518173
27098.1054051,-2.2471914238414854,-2.264797139402029
1790873676.8753328,0.0006576515883553236,0.004950806454897993,0.0018248779556934165,0.0006831144724470721,0.00623330679001857,0.002116208483290014,0.002304528975772643,0.007818383088791818
27098.2184272,-2.3053240427215664,-3.1655064500394485
1790873676.9870038,0.0005715980077675712,0.006494064837436975,0.003879666305187555,0.0004345530715750493,0.009488952349142266,0.0031728580603175363,0.0014672915752436979,0.000739939866487661
27098.3304986,-2.187483372958317,-3.3619570760419806
1790873677.0992212,0.005572146902275542,0.0050968225424820116,0.00677110534101459,0.0031066085004186595,0.0062467977819054285,0.004558561641295144,0.0008481975950889574,0.0021866548371509554
27098.442378,-2.2927004785814944,-2.507713459775585
1790873677.2116017,0.01931908462614434,0.005043338206568771,0.005490532029543717,0.006943780704871912,0.003518103074207936,0.0023928548425741158,0.0005459250464619953,0.005070575397255103
27098.5545898,-2.297281898438516,-2.158403997039095
1790873677.3214595,0.016941057201941716,0.008156832256441225,0.0013576168365689435,0.012700523228242944,0.0032685275166223966,0.00443718877761356,0.0018906098497660673,0.004564562059732531
27098.6650314,-2.088478463452391,-1.896178383462505
1790873677.434419,0.0062930695589757035,0.007813872931353065,0.004699921753721457,0.020198433242994546,0.006523041603408532,0.0070461876561167215,0.004436079144108744,0.008497440050064248
27098.7770198,-2.107133649961854,-1.6946823145572616
1790873677.5456052,0.006482401339674365,0.0040534627576860474,0.01244445034499849,0.009851526333076671,0.007190349081712737,0.004964693653049552,0.005798799010103051,0.010187282699547261
27098.88856,-2.392173802115287,-2.006496473045358
1790873677.6586807,0.008347431382395,0.003059819531625653,0.015079201636284095,0.00464795284510336,0.0042915982928160255,0.005221150305233606,0.004733092499287799,0.002805580600008325
27099.0009869,-2.514304173289141,-2.3327382773013317
1790873677.768662,0.008233911109441624,0.007479448953454581,0.007593673329803939,0.0036420137134994574,0.00795779536420531,0.011757607704548957,0.00723204881887451,0.0015524986497042214
27099.1121398,-2.1261303916885965,-2.4386584113375807
1790873677.8813381,0.00988847631705784,0.01064679978111968,0.001266780484858239,0.007068365305084472,0.00925896791159173,0.010589703187907806,0.015459201015392774,0.0020885979065561884
27099.2240351,-1.97278090892159,-2.150681007367045
1790873677.9924207,0.014010313615652794,0.008525803604954361,0.0015375876579722168,0.013550006862879514,0.0073696479491704775,0.008439347204415765,0.011981886686838287,0.004915243632066892
27099.3359215,-2.0692646706141176,-1.8680604816206179
1790873678.1047976,0.0184078485568234,0.0069906056210650115,0.004449856539297247,0.008238411259989552,0.014284536080271498,0.0095949524538611,0.0033640068399674976,0.009058208012148855
27099.4483628,-2.155485191934014,-2.0841565266654403
1790873678.216619,0.021180805890600767,0.0034208743950523285,0.010939083546383703,0.005398250535431189,0.020093847125077266,0.01018914667085206,0.0015943898968381485,0.010513828983680579
27099.5599727,-2.465862858906452,-2.2677469554486747
1790873678.328971,0.01410569243911737,0.001542053561393776,0.013670579726102009,0.0135554444458312,0.013297493742887896,0.009018600765391498,0.00311223411399391,0.00601846848934039
27099.6719259,-2.811900513158139,-1.8678862353217338
1790873678.442729,0.0076884941659919005,0.003223072573749876,0.0058466311431105015,0.01317213139742513,0.020225877869706945,0.011700223318769909,0.007153922021960917,0.00495022257465614
27099.7854118,-2.4917299019177865,-1.880343942375476
